RunTime,ExecutableName
2023-03-09 09:22:16,ACE2016-KB5002138-FULLFILE-X6
2024-05-21 03:13:01,\VOLUME{01d951602330db46-52233816}\WINDOWS\SYSTEM32\APPLICATIONFRAMEHOST.EXE
2024-04-26 10:09:05,\VOLUME{01d951602330db46-52233816}\WINDOWS\SYSTEM32\APPLICATIONFRAMEHOST.EXE
2024-03-26 20:35:08,\VOLUME{01d951602330db46-52233816}\WINDOWS\SYSTEM32\APPLICATIONFRAMEHOST.EXE
2024-03-19 05:24:21,\VOLUME{01d951602330db46-52233816}\WINDOWS\SYSTEM32\APPLICATIONFRAMEHOST.EXE
2024-03-19 04:38:30,\VOLUME{01d951602330db46-52233816}\WINDOWS\SYSTEM32\APPLICATIONFRAMEHOST.EXE
2024-03-19 04:21:18,\VOLUME{01d951602330db46-52233816}\WINDOWS\SYSTEM32\APPLICATIONFRAMEHOST.EXE
2024-03-19 04:06:42,\VOLUME{01d951602330db46-52233816}\WINDOWS\SYSTEM32\APPLICATIONFRAMEHOST.EXE
2024-03-14 13:02:26,\VOLUME{01d951602330db46-52233816}\WINDOWS\SYSTEM32\APPLICATIONFRAMEHOST.EXE
2024-05-21 03:28:32,\VOLUME{01d951602330db46-52233816}\WINDOWS\SYSTEM32\AUDIODG.EXE
2024-05-21 03:22:23,\VOLUME{01d951602330db46-52233816}\WINDOWS\SYSTEM32\AUDIODG.EXE
2024-05-21 03:14:08,\VOLUME{01d951602330db46-52233816}\WINDOWS\SYSTEM32\AUDIODG.EXE
2024-04-26 10:11:38,\VOLUME{01d951602330db46-52233816}\WINDOWS\SYSTEM32\AUDIODG.EXE
2024-03-26 20:43:21,\VOLUME{01d951602330db46-52233816}\WINDOWS\SYSTEM32\AUDIODG.EXE
2024-03-26 20:34:41,\VOLUME{01d951602330db46-52233816}\WINDOWS\SYSTEM32\AUDIODG.EXE
2024-03-19 05:24:19,\VOLUME{01d951602330db46-52233816}\WINDOWS\SYSTEM32\AUDIODG.EXE
2024-03-19 04:46:48,\VOLUME{01d951602330db46-52233816}\WINDOWS\SYSTEM32\AUDIODG.EXE
2024-05-21 03:15:43,\VOLUME{01d951602330db46-52233816}\WINDOWS\SYSTEM32\BACKGROUNDTASKHOST.EXE
2024-05-21 03:12:22,\VOLUME{01d951602330db46-52233816}\WINDOWS\SYSTEM32\BACKGROUNDTASKHOST.EXE
2024-04-26 10:08:53,\VOLUME{01d951602330db46-52233816}\WINDOWS\SYSTEM32\BACKGROUNDTASKHOST.EXE
2024-03-26 23:34:56,\VOLUME{01d951602330db46-52233816}\WINDOWS\SYSTEM32\BACKGROUNDTASKHOST.EXE
2024-03-26 21:34:56,\VOLUME{01d951602330db46-52233816}\WINDOWS\SYSTEM32\BACKGROUNDTASKHOST.EXE
2024-03-26 20:34:53,\VOLUME{01d951602330db46-52233816}\WINDOWS\SYSTEM32\BACKGROUNDTASKHOST.EXE
2024-03-26 20:34:39,\VOLUME{01d951602330db46-52233816}\WINDOWS\SYSTEM32\BACKGROUNDTASKHOST.EXE
2024-03-19 05:29:45,\VOLUME{01d951602330db46-52233816}\WINDOWS\SYSTEM32\BACKGROUNDTASKHOST.EXE
2024-05-21 03:10:43,\VOLUME{01d951602330db46-52233816}\WINDOWS\SYSTEM32\CMD.EXE
2024-03-26 23:57:52,\VOLUME{01d951602330db46-52233816}\WINDOWS\SYSTEM32\CMD.EXE
2024-05-14 03:39:44,\VOLUME{01d951602330db46-52233816}\WINDOWS\SYSTEM32\COMPATTELRUNNER.EXE
2024-05-21 03:16:00,\VOLUME{01d951602330db46-52233816}\WINDOWS\SYSTEM32\CONHOST.EXE
2024-05-21 03:10:41,\VOLUME{01d951602330db46-52233816}\WINDOWS\SYSTEM32\CONHOST.EXE
2024-05-21 03:10:41,\VOLUME{01d951602330db46-52233816}\WINDOWS\SYSTEM32\CONHOST.EXE
2024-05-14 03:40:14,\VOLUME{01d951602330db46-52233816}\WINDOWS\SYSTEM32\CONHOST.EXE
2024-05-14 03:40:16,\VOLUME{01d951602330db46-52233816}\WINDOWS\SYSTEM32\CONHOST.EXE
2024-05-14 03:40:16,\VOLUME{01d951602330db46-52233816}\WINDOWS\SYSTEM32\CONHOST.EXE
2024-05-14 03:40:16,\VOLUME{01d951602330db46-52233816}\WINDOWS\SYSTEM32\CONHOST.EXE
2024-05-14 03:40:16,\VOLUME{01d951602330db46-52233816}\WINDOWS\SYSTEM32\CONHOST.EXE
2024-05-21 03:28:32,\VOLUME{01d951602330db46-52233816}\WINDOWS\SYSTEM32\CONSENT.EXE
2024-05-21 03:22:44,\VOLUME{01d951602330db46-52233816}\WINDOWS\SYSTEM32\CONSENT.EXE
2024-05-21 03:15:48,\VOLUME{01d951602330db46-52233816}\WINDOWS\SYSTEM32\CONSENT.EXE
2024-03-19 04:40:19,\VOLUME{01d951602330db46-52233816}\WINDOWS\SYSTEM32\CONSENT.EXE
2024-03-19 04:38:11,\VOLUME{01d951602330db46-52233816}\WINDOWS\SYSTEM32\CONSENT.EXE
2024-03-19 04:31:02,\VOLUME{01d951602330db46-52233816}\WINDOWS\SYSTEM32\CONSENT.EXE
2024-03-14 13:02:11,\VOLUME{01d951602330db46-52233816}\WINDOWS\SYSTEM32\CONSENT.EXE
2023-07-24 10:11:06,\VOLUME{01d951602330db46-52233816}\WINDOWS\SYSTEM32\CONSENT.EXE
2024-05-21 03:12:05,\VOLUME{01d951602330db46-52233816}\WINDOWS\SYSTEM32\CTFMON.EXE
2024-05-14 03:39:43,\VOLUME{01d951602330db46-52233816}\WINDOWS\SYSTEM32\DEFRAG.EXE
2024-05-14 03:27:48,\VOLUME{01d951602330db46-52233816}\WINDOWS\SYSTEM32\DEFRAG.EXE
2024-04-26 10:17:19,\VOLUME{01d951602330db46-52233816}\WINDOWS\SYSTEM32\DEFRAG.EXE
2024-03-26 20:42:51,\VOLUME{01d951602330db46-52233816}\WINDOWS\SYSTEM32\DEFRAG.EXE
2024-03-19 04:56:09,\VOLUME{01d951602330db46-52233816}\WINDOWS\SYSTEM32\DEFRAG.EXE
2024-03-19 04:28:02,\VOLUME{01d951602330db46-52233816}\WINDOWS\SYSTEM32\DEFRAG.EXE
2024-03-14 09:04:41,\VOLUME{01d951602330db46-52233816}\WINDOWS\SYSTEM32\DEFRAG.EXE
2024-03-14 08:51:51,\VOLUME{01d951602330db46-52233816}\WINDOWS\SYSTEM32\DEFRAG.EXE
2024-03-14 13:06:15,\VOLUME{01d951602330db46-52233816}\WINDOWS\SYSTEM32\DLLHOST.EXE
2024-03-14 09:15:23,\VOLUME{01d951602330db46-52233816}\WINDOWS\SYSTEM32\DLLHOST.EXE
2024-05-21 03:15:03,\VOLUME{01d951602330db46-52233816}\WINDOWS\SYSTEM32\DLLHOST.EXE
2024-04-26 10:12:25,\VOLUME{01d951602330db46-52233816}\WINDOWS\SYSTEM32\DLLHOST.EXE
2024-03-26 20:34:50,\VOLUME{01d951602330db46-52233816}\WINDOWS\SYSTEM32\DLLHOST.EXE
2024-03-19 04:49:50,\VOLUME{01d951602330db46-52233816}\WINDOWS\SYSTEM32\DLLHOST.EXE
2024-03-19 04:31:38,\VOLUME{01d951602330db46-52233816}\WINDOWS\SYSTEM32\DLLHOST.EXE
2024-03-19 04:04:32,\VOLUME{01d951602330db46-52233816}\WINDOWS\SYSTEM32\DLLHOST.EXE
2024-03-14 09:22:08,\VOLUME{01d951602330db46-52233816}\WINDOWS\SYSTEM32\DLLHOST.EXE
2024-03-14 08:35:37,\VOLUME{01d951602330db46-52233816}\WINDOWS\SYSTEM32\DLLHOST.EXE
2024-05-21 03:15:03,\VOLUME{01d951602330db46-52233816}\WINDOWS\SYSTEM32\DLLHOST.EXE
2024-03-26 20:34:50,\VOLUME{01d951602330db46-52233816}\WINDOWS\SYSTEM32\DLLHOST.EXE
2024-03-19 04:49:50,\VOLUME{01d951602330db46-52233816}\WINDOWS\SYSTEM32\DLLHOST.EXE
2024-03-19 04:04:32,\VOLUME{01d951602330db46-52233816}\WINDOWS\SYSTEM32\DLLHOST.EXE
2024-03-14 09:22:08,\VOLUME{01d951602330db46-52233816}\WINDOWS\SYSTEM32\DLLHOST.EXE
2024-03-14 08:34:40,\VOLUME{01d951602330db46-52233816}\WINDOWS\SYSTEM32\DLLHOST.EXE
2024-03-14 08:31:00,\VOLUME{01d951602330db46-52233816}\WINDOWS\SYSTEM32\DLLHOST.EXE
2023-09-07 11:50:36,\VOLUME{01d951602330db46-52233816}\WINDOWS\SYSTEM32\DLLHOST.EXE
2024-05-21 03:12:05,\VOLUME{01d951602330db46-52233816}\WINDOWS\SYSTEM32\DLLHOST.EXE
2024-04-26 10:09:27,\VOLUME{01d951602330db46-52233816}\WINDOWS\SYSTEM32\DLLHOST.EXE
2024-04-26 10:11:12,\VOLUME{01d951602330db46-52233816}\WINDOWS\SYSTEM32\DLLHOST.EXE
2024-03-26 23:25:41,\VOLUME{01d951602330db46-52233816}\WINDOWS\SYSTEM32\DLLHOST.EXE
2024-05-21 03:28:11,\VOLUME{01d951602330db46-52233816}\WINDOWS\SYSTEM32\DLLHOST.EXE
2024-05-21 03:22:43,\VOLUME{01d951602330db46-52233816}\WINDOWS\SYSTEM32\DLLHOST.EXE
2024-05-21 03:12:56,\VOLUME{01d951602330db46-52233816}\WINDOWS\SYSTEM32\DLLHOST.EXE
2024-04-26 10:09:48,\VOLUME{01d951602330db46-52233816}\WINDOWS\SYSTEM32\DLLHOST.EXE
2024-03-26 21:12:54,\VOLUME{01d951602330db46-52233816}\WINDOWS\SYSTEM32\DLLHOST.EXE
2024-03-26 20:35:21,\VOLUME{01d951602330db46-52233816}\WINDOWS\SYSTEM32\DLLHOST.EXE
2024-03-19 05:28:22,\VOLUME{01d951602330db46-52233816}\WINDOWS\SYSTEM32\DLLHOST.EXE
2024-03-19 05:24:16,\VOLUME{01d951602330db46-52233816}\WINDOWS\SYSTEM32\DLLHOST.EXE
2024-04-26 10:17:46,\VOLUME{01d951602330db46-52233816}\WINDOWS\SYSTEM32\DLLHOST.EXE
2023-03-08 11:05:32,\VOLUME{01d951602330db46-52233816}\WINDOWS\SYSTEM32\DLLHOST.EXE
2023-05-02 14:27:50,\VOLUME{01d951602330db46-52233816}\WINDOWS\SYSTEM32\DLLHOST.EXE
2023-05-02 14:19:55,\VOLUME{01d951602330db46-52233816}\WINDOWS\SYSTEM32\DLLHOST.EXE
2023-05-02 14:18:54,\VOLUME{01d951602330db46-52233816}\WINDOWS\SYSTEM32\DLLHOST.EXE
2023-05-02 14:18:01,\VOLUME{01d951602330db46-52233816}\WINDOWS\SYSTEM32\DLLHOST.EXE
2023-03-08 11:04:34,\VOLUME{01d951602330db46-52233816}\WINDOWS\SYSTEM32\DLLHOST.EXE
2024-04-26 10:08:52,\VOLUME{01d951602330db46-52233816}\WINDOWS\SYSTEM32\DLLHOST.EXE
2024-03-14 08:33:34,\VOLUME{01d951602330db46-52233816}\WINDOWS\SYSTEM32\DWM.EXE
2023-06-12 06:49:55,\VOLUME{01d951602330db46-52233816}\WINDOWS\SYSTEM32\DWM.EXE
2023-05-08 11:44:52,\VOLUME{01d951602330db46-52233816}\WINDOWS\SYSTEM32\DWM.EXE
2023-05-08 11:42:17,\VOLUME{01d951602330db46-52233816}\WINDOWS\SYSTEM32\DWM.EXE
2023-05-05 10:27:32,\VOLUME{01d951602330db46-52233816}\WINDOWS\SYSTEM32\DWM.EXE
2023-05-05 10:25:46,\VOLUME{01d951602330db46-52233816}\WINDOWS\SYSTEM32\DWM.EXE
2023-05-05 10:12:12,\VOLUME{01d951602330db46-52233816}\WINDOWS\SYSTEM32\DWM.EXE
2023-05-05 10:10:22,\VOLUME{01d951602330db46-52233816}\WINDOWS\SYSTEM32\DWM.EXE
2024-05-21 03:15:43,\VOLUME{01d951602330db46-52233816}\PROGRAM FILES (X86)\MICROSOFT\EDGE\APPLICATION\125.0.2535.51\ELEVATION_SERVICE.EXE
2023-05-02 15:01:30,\VOLUME{01d951602330db46-52233816}\PROGRAM FILES\MICROSOFT OFFICE\ROOT\OFFICE16\EXCEL.EXE
2023-05-02 15:01:37,\VOLUME{01d951602330db46-52233816}\PROGRAM FILES\MICROSOFT OFFICE\ROOT\OFFICE16\EXCEL.EXE
2023-05-02 15:01:23,\VOLUME{01d951602330db46-52233816}\PROGRAM FILES\MICROSOFT OFFICE\ROOT\OFFICE16\EXCEL.EXE
2023-05-02 15:01:15,\VOLUME{01d951602330db46-52233816}\PROGRAM FILES\MICROSOFT OFFICE\ROOT\OFFICE16\EXCEL.EXE
2023-05-02 15:01:07,\VOLUME{01d951602330db46-52233816}\PROGRAM FILES\MICROSOFT OFFICE\ROOT\OFFICE16\EXCEL.EXE
2023-05-02 15:01:00,\VOLUME{01d951602330db46-52233816}\PROGRAM FILES\MICROSOFT OFFICE\ROOT\OFFICE16\EXCEL.EXE
2023-05-02 15:00:36,\VOLUME{01d951602330db46-52233816}\PROGRAM FILES\MICROSOFT OFFICE\ROOT\OFFICE16\EXCEL.EXE
2024-04-26 10:09:47,\VOLUME{01d951602330db46-52233816}\PROGRAM FILES\MICROSOFT ONEDRIVE\24.070.0407.0003\FILECOAUTH.EXE
2024-03-26 23:54:42,\VOLUME{01d951602330db46-52233816}\PROGRAM FILES\MICROSOFT ONEDRIVE\24.045.0303.0003\FILECOAUTH.EXE
2024-03-26 23:44:42,\VOLUME{01d951602330db46-52233816}\PROGRAM FILES\MICROSOFT ONEDRIVE\24.045.0303.0003\FILECOAUTH.EXE
2024-03-26 23:34:42,\VOLUME{01d951602330db46-52233816}\PROGRAM FILES\MICROSOFT ONEDRIVE\24.045.0303.0003\FILECOAUTH.EXE
2024-03-26 23:24:42,\VOLUME{01d951602330db46-52233816}\PROGRAM FILES\MICROSOFT ONEDRIVE\24.045.0303.0003\FILECOAUTH.EXE
2024-03-26 23:14:42,\VOLUME{01d951602330db46-52233816}\PROGRAM FILES\MICROSOFT ONEDRIVE\24.045.0303.0003\FILECOAUTH.EXE
2024-03-26 23:04:42,\VOLUME{01d951602330db46-52233816}\PROGRAM FILES\MICROSOFT ONEDRIVE\24.045.0303.0003\FILECOAUTH.EXE
2024-03-26 22:54:42,\VOLUME{01d951602330db46-52233816}\PROGRAM FILES\MICROSOFT ONEDRIVE\24.045.0303.0003\FILECOAUTH.EXE
2024-03-26 22:44:42,\VOLUME{01d951602330db46-52233816}\PROGRAM FILES\MICROSOFT ONEDRIVE\24.045.0303.0003\FILECOAUTH.EXE
2024-05-21 03:28:17,\VOLUME{01d951602330db46-52233816}\PROGRAM FILES\MICROSOFT ONEDRIVE\24.093.0507.0003\FILECOAUTH.EXE
2024-05-21 03:22:23,\VOLUME{01d951602330db46-52233816}\PROGRAM FILES\MICROSOFT ONEDRIVE\24.093.0507.0003\FILECOAUTH.EXE
2024-05-21 03:22:08,\VOLUME{01d951602330db46-52233816}\PROGRAM FILES\MICROSOFT ONEDRIVE\24.093.0507.0003\FILECOAUTH.EXE
2024-05-21 03:13:01,\VOLUME{01d951602330db46-52233816}\PROGRAM FILES\MICROSOFT ONEDRIVE\24.093.0507.0003\FILECOAUTH.EXE
2024-05-21 03:12:56,\VOLUME{01d951602330db46-52233816}\PROGRAM FILES\MICROSOFT ONEDRIVE\24.093.0507.0003\FILESYNCCONFIG.EXE
2023-03-09 13:18:12,\VOLUME{01d951602330db46-52233816}\USERS\HAPPY.GRUNWALD\DOWNLOADS\FIREFOX INSTALLER.EXE
2023-05-04 08:34:16,\VOLUME{01d951602330db46-52233816}\USERS\SIMON.STARK\APPDATA\LOCAL\GITHUBDESKTOP\APP-3.2.2\GITHUBDESKTOP.EXE
2023-05-02 14:38:03,\VOLUME{01d951602330db46-52233816}\USERS\SIMON.STARK\APPDATA\LOCAL\GITHUBDESKTOP\APP-3.2.2\GITHUBDESKTOP.EXE
2023-05-02 14:38:02,\VOLUME{01d951602330db46-52233816}\USERS\SIMON.STARK\APPDATA\LOCAL\GITHUBDESKTOP\APP-3.2.2\GITHUBDESKTOP.EXE
2024-04-26 10:11:10,\VOLUME{01d951602330db46-52233816}\WINDOWS\SYSTEM32\GPUPDATE.EXE
2024-03-14 09:25:10,\VOLUME{01d951602330db46-52233816}\PROGRAM FILES\NOTEPAD++\UPDATER\GUP.EXE
2024-04-26 10:09:46,\VOLUME{01d951602330db46-52233816}\PROGRAM FILES (X86)\MICROSOFT\EDGE\APPLICATION\122.0.2365.92\IDENTITY_HELPER.EXE
2024-05-21 03:15:43,\VOLUME{01d951602330db46-52233816}\PROGRAM FILES (X86)\MICROSOFT\EDGE\APPLICATION\125.0.2535.51\IDENTITY_HELPER.EXE
2023-03-10 04:04:34,\VOLUME{01d951602330db46-52233816}\USERS\HAPPY.GRUNWALD\APPDATA\LOCAL\TEMP\KMS_VL_ALL_AIO.EXE
2023-03-10 04:02:16,\VOLUME{01d951602330db46-52233816}\USERS\HAPPY.GRUNWALD\APPDATA\LOCAL\TEMP\KMS_VL_ALL_AIO.EXE
2023-07-24 10:38:43,\VOLUME{01d951602330db46-52233816}\WINDOWS\SYSTEMAPPS\MICROSOFT.LOCKAPP_CW5N1H2TXYEWY\LOCKAPP.EXE
2023-05-02 14:03:18,\VOLUME{01d951602330db46-52233816}\WINDOWS\SYSTEMAPPS\MICROSOFT.LOCKAPP_CW5N1H2TXYEWY\LOCKAPP.EXE
2023-03-08 10:17:01,\VOLUME{01d951602330db46-52233816}\WINDOWS\SYSTEMAPPS\MICROSOFT.LOCKAPP_CW5N1H2TXYEWY\LOCKAPP.EXE
2023-03-08 10:09:34,\VOLUME{01d951602330db46-52233816}\WINDOWS\SYSTEMAPPS\MICROSOFT.LOCKAPP_CW5N1H2TXYEWY\LOCKAPP.EXE
2023-03-08 09:01:57,\VOLUME{01d951602330db46-52233816}\WINDOWS\SYSTEMAPPS\MICROSOFT.LOCKAPP_CW5N1H2TXYEWY\LOCKAPP.EXE
2024-04-26 10:12:29,\VOLUME{01d951602330db46-52233816}\WINDOWS\SYSTEM32\LOGONUI.EXE
2024-03-19 04:34:59,\VOLUME{01d951602330db46-52233816}\WINDOWS\SYSTEM32\LOGONUI.EXE
2024-03-14 08:35:42,\VOLUME{01d951602330db46-52233816}\WINDOWS\SYSTEM32\LOGONUI.EXE
2024-03-14 08:35:43,\VOLUME{01d951602330db46-52233816}\WINDOWS\SYSTEM32\LOGONUI.EXE
2024-03-14 08:34:01,\VOLUME{01d951602330db46-52233816}\WINDOWS\SYSTEM32\LOGONUI.EXE
2024-03-14 08:34:01,\VOLUME{01d951602330db46-52233816}\WINDOWS\SYSTEM32\LOGONUI.EXE
2024-03-14 08:33:34,\VOLUME{01d951602330db46-52233816}\WINDOWS\SYSTEM32\LOGONUI.EXE
2024-03-14 08:33:34,\VOLUME{01d951602330db46-52233816}\WINDOWS\SYSTEM32\LOGONUI.EXE
2023-03-10 04:03:02,MICROSOFT OFFICE 2021 PRO PLU
2024-05-21 03:12:58,\VOLUME{01d951602330db46-52233816}\PROGRAM FILES\MICROSOFT ONEDRIVE\24.093.0507.0003\MICROSOFT.SHAREPOINT.EXE
2024-04-26 10:09:33,\VOLUME{01d951602330db46-52233816}\PROGRAM FILES (X86)\MICROSOFT\TEMP\EU6AFB.TMP\MICROSOFTEDGEUPDATE.EXE
2024-05-21 03:14:20,\VOLUME{01d951602330db46-52233816}\PROGRAM FILES (X86)\MICROSOFT\EDGEUPDATE\MICROSOFTEDGEUPDATE.EXE
2024-05-21 03:11:15,\VOLUME{01d951602330db46-52233816}\PROGRAM FILES (X86)\MICROSOFT\EDGEUPDATE\MICROSOFTEDGEUPDATE.EXE
2024-05-14 03:26:22,\VOLUME{01d951602330db46-52233816}\PROGRAM FILES (X86)\MICROSOFT\EDGEUPDATE\MICROSOFTEDGEUPDATE.EXE
2024-04-26 10:14:33,\VOLUME{01d951602330db46-52233816}\PROGRAM FILES (X86)\MICROSOFT\EDGEUPDATE\MICROSOFTEDGEUPDATE.EXE
2024-04-26 10:09:23,\VOLUME{01d951602330db46-52233816}\PROGRAM FILES (X86)\MICROSOFT\EDGEUPDATE\MICROSOFTEDGEUPDATE.EXE
2024-04-26 10:09:32,\VOLUME{01d951602330db46-52233816}\PROGRAM FILES (X86)\MICROSOFT\EDGEUPDATE\MICROSOFTEDGEUPDATE.EXE
2024-03-26 23:40:53,\VOLUME{01d951602330db46-52233816}\PROGRAM FILES (X86)\MICROSOFT\EDGEUPDATE\MICROSOFTEDGEUPDATE.EXE
2024-03-26 22:40:53,\VOLUME{01d951602330db46-52233816}\PROGRAM FILES (X86)\MICROSOFT\EDGEUPDATE\MICROSOFTEDGEUPDATE.EXE
2024-04-26 10:09:32,MICROSOFTEDGEUPDATESETUP_X86_
2024-05-14 03:26:04,MICROSOFTEDGE_X64_124.0.2478.
2024-05-14 03:24:59,MICROSOFTEDGE_X64_124.0.2478.
2024-05-21 03:10:44,MICROSOFTEDGE_X64_125.0.2535.
2024-05-21 03:22:52,\VOLUME{01d951602330db46-52233816}\WINDOWS\SYSTEM32\MMC.EXE
2024-03-19 04:51:39,\VOLUME{01d951602330db46-52233816}\WINDOWS\SYSTEM32\MMC.EXE
2024-03-14 08:43:15,\VOLUME{01d951602330db46-52233816}\WINDOWS\SYSTEM32\MMC.EXE
2023-06-12 06:54:56,\VOLUME{01d951602330db46-52233816}\WINDOWS\SYSTEM32\MMC.EXE
2023-05-05 10:15:45,\VOLUME{01d951602330db46-52233816}\WINDOWS\SYSTEM32\MMC.EXE
2023-05-04 12:04:15,\VOLUME{01d951602330db46-52233816}\WINDOWS\SYSTEM32\MMC.EXE
2023-05-04 12:04:14,\VOLUME{01d951602330db46-52233816}\WINDOWS\SYSTEM32\MMC.EXE
2023-05-02 14:59:03,\VOLUME{01d951602330db46-52233816}\WINDOWS\SYSTEM32\MMC.EXE
2023-06-12 07:00:11,\VOLUME{01d951602330db46-52233816}\WINDOWS\SYSTEM32\MMC.EXE
2023-05-02 14:36:31,\VOLUME{01d951602330db46-52233816}\WINDOWS\SYSTEM32\MMC.EXE
2023-03-08 11:33:01,\VOLUME{01d951602330db46-52233816}\WINDOWS\SYSTEM32\MMC.EXE
2023-05-02 14:41:41,\VOLUME{01d951602330db46-52233816}\WINDOWS\SYSTEM32\MMC.EXE
2023-05-02 14:37:34,\VOLUME{01d951602330db46-52233816}\WINDOWS\SYSTEM32\MMC.EXE
2024-03-14 08:45:18,\VOLUME{01d951602330db46-52233816}\WINDOWS\SYSTEM32\MMC.EXE
2023-03-09 10:06:37,\VOLUME{01d951602330db46-52233816}\WINDOWS\SYSTEM32\MMC.EXE
2023-03-08 11:33:09,\VOLUME{01d951602330db46-52233816}\WINDOWS\SYSTEM32\MMC.EXE
2023-03-08 11:33:09,\VOLUME{01d951602330db46-52233816}\WINDOWS\SYSTEM32\MMC.EXE
2023-03-08 10:14:49,\VOLUME{01d951602330db46-52233816}\WINDOWS\SYSTEM32\MMC.EXE
2024-05-21 03:12:11,\VOLUME{01d951602330db46-52233816}\WINDOWS\SYSTEM32\MOBSYNC.EXE
2024-04-26 10:08:56,\VOLUME{01d951602330db46-52233816}\WINDOWS\SYSTEM32\MOBSYNC.EXE
2024-05-14 03:40:16,\VOLUME{01d951602330db46-52233816}\WINDOWS\SYSTEM32\WBEM\MOFCOMP.EXE
2024-04-26 10:16:48,\VOLUME{01d951602330db46-52233816}\WINDOWS\SYSTEM32\MOUSOCOREWORKER.EXE
2024-04-26 10:11:11,\VOLUME{01d951602330db46-52233816}\WINDOWS\SYSTEM32\MOUSOCOREWORKER.EXE
2024-05-21 03:16:50,\VOLUME{01d951602330db46-52233816}\PROGRAMDATA\MICROSOFT\WINDOWS DEFENDER\PLATFORM\4.18.24040.4-0\MPCMDRUN.EXE
2024-05-21 03:16:50,\VOLUME{01d951602330db46-52233816}\PROGRAMDATA\MICROSOFT\WINDOWS DEFENDER\PLATFORM\4.18.24040.4-0\MPCMDRUN.EXE
2024-05-21 03:16:50,\VOLUME{01d951602330db46-52233816}\PROGRAMDATA\MICROSOFT\WINDOWS DEFENDER\PLATFORM\4.18.24040.4-0\MPCMDRUN.EXE
2024-05-21 03:16:50,\VOLUME{01d951602330db46-52233816}\PROGRAMDATA\MICROSOFT\WINDOWS DEFENDER\PLATFORM\4.18.24040.4-0\MPCMDRUN.EXE
2024-05-14 03:40:17,\VOLUME{01d951602330db46-52233816}\PROGRAMDATA\MICROSOFT\WINDOWS DEFENDER\PLATFORM\4.18.2301.6-0\MPCMDRUN.EXE
2024-05-14 03:40:14,\VOLUME{01d951602330db46-52233816}\PROGRAMDATA\MICROSOFT\WINDOWS DEFENDER\PLATFORM\4.18.2301.6-0\MPCMDRUN.EXE
2024-05-14 03:40:17,\VOLUME{01d951602330db46-52233816}\PROGRAMDATA\MICROSOFT\WINDOWS DEFENDER\PLATFORM\4.18.2301.6-0\MPCMDRUN.EXE
2024-04-26 10:18:34,\VOLUME{01d951602330db46-52233816}\PROGRAMDATA\MICROSOFT\WINDOWS DEFENDER\PLATFORM\4.18.2301.6-0\MPCMDRUN.EXE
2024-04-26 10:18:34,\VOLUME{01d951602330db46-52233816}\PROGRAMDATA\MICROSOFT\WINDOWS DEFENDER\PLATFORM\4.18.2301.6-0\MPCMDRUN.EXE
2024-04-26 10:18:23,\VOLUME{01d951602330db46-52233816}\PROGRAMDATA\MICROSOFT\WINDOWS DEFENDER\PLATFORM\4.18.2301.6-0\MPCMDRUN.EXE
2024-04-26 10:18:23,\VOLUME{01d951602330db46-52233816}\PROGRAMDATA\MICROSOFT\WINDOWS DEFENDER\PLATFORM\4.18.2301.6-0\MPCMDRUN.EXE
2024-04-26 10:18:23,\VOLUME{01d951602330db46-52233816}\PROGRAMDATA\MICROSOFT\WINDOWS DEFENDER\PLATFORM\4.18.2301.6-0\MPCMDRUN.EXE
2024-05-14 03:40:13,\VOLUME{01d951602330db46-52233816}\WINDOWS\TEMP\1E39F733-81B9-4332-B793-41D25384A22D\MPRECOVERY.EXE
2024-05-14 03:40:13,\VOLUME{01d951602330db46-52233816}\WINDOWS\TEMP\1E39F733-81B9-4332-B793-41D25384A22D\MPSIGSTUB.EXE
2024-05-21 03:10:41,\VOLUME{01d951602330db46-52233816}\WINDOWS\MICROSOFT.NET\FRAMEWORK64\V4.0.30319\MSCORSVW.EXE
2024-05-21 03:10:42,\VOLUME{01d951602330db46-52233816}\WINDOWS\MICROSOFT.NET\FRAMEWORK\V4.0.30319\MSCORSVW.EXE
2024-05-21 03:10:41,\VOLUME{01d951602330db46-52233816}\WINDOWS\MICROSOFT.NET\FRAMEWORK\V4.0.30319\MSCORSVW.EXE
2024-05-14 03:23:25,\VOLUME{01d951602330db46-52233816}\WINDOWS\MICROSOFT.NET\FRAMEWORK\V4.0.30319\MSCORSVW.EXE
2024-05-14 03:23:25,\VOLUME{01d951602330db46-52233816}\WINDOWS\MICROSOFT.NET\FRAMEWORK\V4.0.30319\MSCORSVW.EXE
2024-04-26 10:17:31,\VOLUME{01d951602330db46-52233816}\WINDOWS\MICROSOFT.NET\FRAMEWORK\V4.0.30319\MSCORSVW.EXE
2024-03-26 20:43:29,\VOLUME{01d951602330db46-52233816}\WINDOWS\MICROSOFT.NET\FRAMEWORK\V4.0.30319\MSCORSVW.EXE
2024-03-26 20:43:29,\VOLUME{01d951602330db46-52233816}\WINDOWS\MICROSOFT.NET\FRAMEWORK\V4.0.30319\MSCORSVW.EXE
2024-03-19 05:24:12,\VOLUME{01d951602330db46-52233816}\WINDOWS\MICROSOFT.NET\FRAMEWORK\V4.0.30319\MSCORSVW.EXE
2023-05-02 14:17:47,\VOLUME{01d951602330db46-52233816}\WINDOWS\SYSTEM32\MSDT.EXE
2024-05-21 03:15:42,\VOLUME{01d951602330db46-52233816}\PROGRAM FILES (X86)\MICROSOFT\EDGE\APPLICATION\MSEDGE.EXE
2024-05-21 03:13:01,\VOLUME{01d951602330db46-52233816}\PROGRAM FILES (X86)\MICROSOFT\EDGE\APPLICATION\MSEDGE.EXE
2024-04-26 10:09:35,\VOLUME{01d951602330db46-52233816}\PROGRAM FILES (X86)\MICROSOFT\EDGE\APPLICATION\MSEDGE.EXE
2024-03-26 21:34:56,\VOLUME{01d951602330db46-52233816}\PROGRAM FILES (X86)\MICROSOFT\EDGE\APPLICATION\MSEDGE.EXE
2024-03-26 20:34:53,\VOLUME{01d951602330db46-52233816}\PROGRAM FILES (X86)\MICROSOFT\EDGE\APPLICATION\MSEDGE.EXE
2024-03-19 05:28:14,\VOLUME{01d951602330db46-52233816}\PROGRAM FILES (X86)\MICROSOFT\EDGE\APPLICATION\MSEDGE.EXE
2024-03-19 05:24:08,\VOLUME{01d951602330db46-52233816}\PROGRAM FILES (X86)\MICROSOFT\EDGE\APPLICATION\MSEDGE.EXE
2024-03-19 04:37:56,\VOLUME{01d951602330db46-52233816}\PROGRAM FILES (X86)\MICROSOFT\EDGE\APPLICATION\MSEDGE.EXE
2024-05-21 03:12:41,\VOLUME{01d951602330db46-52233816}\PROGRAM FILES (X86)\MICROSOFT\EDGE\APPLICATION\MSEDGE.EXE
2024-05-21 03:12:37,\VOLUME{01d951602330db46-52233816}\PROGRAM FILES (X86)\MICROSOFT\EDGE\APPLICATION\MSEDGE.EXE
2024-05-21 03:12:39,\VOLUME{01d951602330db46-52233816}\PROGRAM FILES (X86)\MICROSOFT\EDGE\APPLICATION\MSEDGE.EXE
2024-04-26 10:09:35,\VOLUME{01d951602330db46-52233816}\PROGRAM FILES (X86)\MICROSOFT\EDGE\APPLICATION\MSEDGE.EXE
2024-04-26 10:09:35,\VOLUME{01d951602330db46-52233816}\PROGRAM FILES (X86)\MICROSOFT\EDGE\APPLICATION\MSEDGE.EXE
2024-03-26 21:35:16,\VOLUME{01d951602330db46-52233816}\PROGRAM FILES (X86)\MICROSOFT\EDGE\APPLICATION\MSEDGE.EXE
2024-03-26 20:35:06,\VOLUME{01d951602330db46-52233816}\PROGRAM FILES (X86)\MICROSOFT\EDGE\APPLICATION\MSEDGE.EXE
2024-03-26 20:35:03,\VOLUME{01d951602330db46-52233816}\PROGRAM FILES (X86)\MICROSOFT\EDGE\APPLICATION\MSEDGE.EXE
2024-05-21 03:15:43,\VOLUME{01d951602330db46-52233816}\PROGRAM FILES (X86)\MICROSOFT\EDGE\APPLICATION\MSEDGE.EXE
2024-04-26 10:09:46,\VOLUME{01d951602330db46-52233816}\PROGRAM FILES (X86)\MICROSOFT\EDGE\APPLICATION\MSEDGE.EXE
2024-03-26 21:34:56,\VOLUME{01d951602330db46-52233816}\PROGRAM FILES (X86)\MICROSOFT\EDGE\APPLICATION\MSEDGE.EXE
2024-03-19 05:29:45,\VOLUME{01d951602330db46-52233816}\PROGRAM FILES (X86)\MICROSOFT\EDGE\APPLICATION\MSEDGE.EXE
2024-03-19 04:31:22,\VOLUME{01d951602330db46-52233816}\PROGRAM FILES (X86)\MICROSOFT\EDGE\APPLICATION\MSEDGE.EXE
2024-03-19 04:04:59,\VOLUME{01d951602330db46-52233816}\PROGRAM FILES (X86)\MICROSOFT\EDGE\APPLICATION\MSEDGE.EXE
2024-03-14 08:33:25,\VOLUME{01d951602330db46-52233816}\PROGRAM FILES (X86)\MICROSOFT\EDGE\APPLICATION\MSEDGE.EXE
2023-09-07 10:28:30,\VOLUME{01d951602330db46-52233816}\PROGRAM FILES (X86)\MICROSOFT\EDGE\APPLICATION\MSEDGE.EXE
2024-05-21 03:15:43,\VOLUME{01d951602330db46-52233816}\PROGRAM FILES (X86)\MICROSOFT\EDGE\APPLICATION\MSEDGE.EXE
2024-04-26 10:09:46,\VOLUME{01d951602330db46-52233816}\PROGRAM FILES (X86)\MICROSOFT\EDGE\APPLICATION\MSEDGE.EXE
2024-03-26 21:34:56,\VOLUME{01d951602330db46-52233816}\PROGRAM FILES (X86)\MICROSOFT\EDGE\APPLICATION\MSEDGE.EXE
2024-03-19 05:29:45,\VOLUME{01d951602330db46-52233816}\PROGRAM FILES (X86)\MICROSOFT\EDGE\APPLICATION\MSEDGE.EXE
2024-03-19 04:31:33,\VOLUME{01d951602330db46-52233816}\PROGRAM FILES (X86)\MICROSOFT\EDGE\APPLICATION\MSEDGE.EXE
2024-03-19 04:31:23,\VOLUME{01d951602330db46-52233816}\PROGRAM FILES (X86)\MICROSOFT\EDGE\APPLICATION\MSEDGE.EXE
2024-03-19 04:31:22,\VOLUME{01d951602330db46-52233816}\PROGRAM FILES (X86)\MICROSOFT\EDGE\APPLICATION\MSEDGE.EXE
2024-03-19 04:04:59,\VOLUME{01d951602330db46-52233816}\PROGRAM FILES (X86)\MICROSOFT\EDGE\APPLICATION\MSEDGE.EXE
2024-05-21 03:15:42,\VOLUME{01d951602330db46-52233816}\PROGRAM FILES (X86)\MICROSOFT\EDGE\APPLICATION\MSEDGE.EXE
2024-04-26 10:09:46,\VOLUME{01d951602330db46-52233816}\PROGRAM FILES (X86)\MICROSOFT\EDGE\APPLICATION\MSEDGE.EXE
2024-03-26 21:34:56,\VOLUME{01d951602330db46-52233816}\PROGRAM FILES (X86)\MICROSOFT\EDGE\APPLICATION\MSEDGE.EXE
2024-03-19 05:29:45,\VOLUME{01d951602330db46-52233816}\PROGRAM FILES (X86)\MICROSOFT\EDGE\APPLICATION\MSEDGE.EXE
2024-03-19 05:24:09,\VOLUME{01d951602330db46-52233816}\PROGRAM FILES (X86)\MICROSOFT\EDGE\APPLICATION\MSEDGE.EXE
2024-03-19 04:31:32,\VOLUME{01d951602330db46-52233816}\PROGRAM FILES (X86)\MICROSOFT\EDGE\APPLICATION\MSEDGE.EXE
2024-03-19 04:31:23,\VOLUME{01d951602330db46-52233816}\PROGRAM FILES (X86)\MICROSOFT\EDGE\APPLICATION\MSEDGE.EXE
2024-03-19 04:31:22,\VOLUME{01d951602330db46-52233816}\PROGRAM FILES (X86)\MICROSOFT\EDGE\APPLICATION\MSEDGE.EXE
2024-05-21 03:25:43,\VOLUME{01d951602330db46-52233816}\PROGRAM FILES (X86)\MICROSOFT\EDGE\APPLICATION\MSEDGE.EXE
2024-05-21 03:12:27,\VOLUME{01d951602330db46-52233816}\PROGRAM FILES (X86)\MICROSOFT\EDGE\APPLICATION\MSEDGE.EXE
2024-04-26 10:09:36,\VOLUME{01d951602330db46-52233816}\PROGRAM FILES (X86)\MICROSOFT\EDGE\APPLICATION\MSEDGE.EXE
2024-04-26 10:09:36,\VOLUME{01d951602330db46-52233816}\PROGRAM FILES (X86)\MICROSOFT\EDGE\APPLICATION\MSEDGE.EXE
2024-04-26 10:09:37,\VOLUME{01d951602330db46-52233816}\PROGRAM FILES (X86)\MICROSOFT\EDGE\APPLICATION\MSEDGE.EXE
2024-03-26 21:44:56,\VOLUME{01d951602330db46-52233816}\PROGRAM FILES (X86)\MICROSOFT\EDGE\APPLICATION\MSEDGE.EXE
2024-03-26 21:34:56,\VOLUME{01d951602330db46-52233816}\PROGRAM FILES (X86)\MICROSOFT\EDGE\APPLICATION\MSEDGE.EXE
2024-03-26 20:44:54,\VOLUME{01d951602330db46-52233816}\PROGRAM FILES (X86)\MICROSOFT\EDGE\APPLICATION\MSEDGE.EXE
2024-05-21 03:10:42,\VOLUME{01d951602330db46-52233816}\WINDOWS\SYSTEM32\MSIEXEC.EXE
2024-03-19 04:30:58,\VOLUME{01d951602330db46-52233816}\WINDOWS\SYSTEM32\MSIEXEC.EXE
2024-03-19 04:30:58,\VOLUME{01d951602330db46-52233816}\WINDOWS\SYSTEM32\MSIEXEC.EXE
2024-03-14 09:00:15,\VOLUME{01d951602330db46-52233816}\WINDOWS\SYSTEM32\MSIEXEC.EXE
2024-03-14 09:00:16,\VOLUME{01d951602330db46-52233816}\WINDOWS\SYSTEM32\MSIEXEC.EXE
2024-03-19 04:30:58,\VOLUME{01d951602330db46-52233816}\WINDOWS\WINSXS\WOW64_MICROSOFT-WINDOWS-INSTALLER-EXECUTABLE_31BF3856AD364E35_10.0.19041.2193_NONE_C8AA09AC6FA0DB21\MSIEXEC.EXE
2023-05-02 15:02:03,\VOLUME{01d951602330db46-52233816}\WINDOWS\WINSXS\WOW64_MICROSOFT-WINDOWS-INSTALLER-EXECUTABLE_31BF3856AD364E35_10.0.19041.2193_NONE_C8AA09AC6FA0DB21\MSIEXEC.EXE
2023-05-02 14:12:48,\VOLUME{01d951602330db46-52233816}\WINDOWS\WINSXS\WOW64_MICROSOFT-WINDOWS-INSTALLER-EXECUTABLE_31BF3856AD364E35_10.0.19041.2193_NONE_C8AA09AC6FA0DB21\MSIEXEC.EXE
2023-03-10 04:04:37,\VOLUME{01d951602330db46-52233816}\WINDOWS\WINSXS\WOW64_MICROSOFT-WINDOWS-INSTALLER-EXECUTABLE_31BF3856AD364E35_10.0.19041.2193_NONE_C8AA09AC6FA0DB21\MSIEXEC.EXE
2023-03-10 04:04:35,\VOLUME{01d951602330db46-52233816}\WINDOWS\WINSXS\WOW64_MICROSOFT-WINDOWS-INSTALLER-EXECUTABLE_31BF3856AD364E35_10.0.19041.2193_NONE_C8AA09AC6FA0DB21\MSIEXEC.EXE
2023-03-10 04:04:34,\VOLUME{01d951602330db46-52233816}\WINDOWS\WINSXS\WOW64_MICROSOFT-WINDOWS-INSTALLER-EXECUTABLE_31BF3856AD364E35_10.0.19041.2193_NONE_C8AA09AC6FA0DB21\MSIEXEC.EXE
2023-03-10 04:04:23,\VOLUME{01d951602330db46-52233816}\WINDOWS\WINSXS\WOW64_MICROSOFT-WINDOWS-INSTALLER-EXECUTABLE_31BF3856AD364E35_10.0.19041.2193_NONE_C8AA09AC6FA0DB21\MSIEXEC.EXE
2023-03-10 04:04:22,\VOLUME{01d951602330db46-52233816}\WINDOWS\WINSXS\WOW64_MICROSOFT-WINDOWS-INSTALLER-EXECUTABLE_31BF3856AD364E35_10.0.19041.2193_NONE_C8AA09AC6FA0DB21\MSIEXEC.EXE
2024-03-14 09:22:11,\VOLUME{01d951602330db46-52233816}\WINDOWS\SYSTEM32\MSINFO32.EXE
2024-05-14 03:40:15,\VOLUME{01d951602330db46-52233816}\PROGRAMDATA\MICROSOFT\WINDOWS DEFENDER\PLATFORM\4.18.2301.6-0\MSMPENG.EXE
2024-05-14 03:40:17,\VOLUME{01d951602330db46-52233816}\PROGRAMDATA\MICROSOFT\WINDOWS DEFENDER\PLATFORM\4.18.24030.9-0\MSMPENG.EXE
2024-03-14 13:12:39,\VOLUME{01d951602330db46-52233816}\WINDOWS\SYSTEM32\MSPAINT.EXE
2024-05-21 03:10:41,\VOLUME{01d951602330db46-52233816}\WINDOWS\MICROSOFT.NET\FRAMEWORK\V4.0.30319\NGEN.EXE
2024-05-14 03:39:43,\VOLUME{01d951602330db46-52233816}\WINDOWS\MICROSOFT.NET\FRAMEWORK\V4.0.30319\NGEN.EXE
2024-05-14 03:23:25,\VOLUME{01d951602330db46-52233816}\WINDOWS\MICROSOFT.NET\FRAMEWORK\V4.0.30319\NGEN.EXE
2024-04-26 10:17:30,\VOLUME{01d951602330db46-52233816}\WINDOWS\MICROSOFT.NET\FRAMEWORK\V4.0.30319\NGEN.EXE
2024-03-26 20:43:38,\VOLUME{01d951602330db46-52233816}\WINDOWS\MICROSOFT.NET\FRAMEWORK\V4.0.30319\NGEN.EXE
2024-03-19 05:24:16,\VOLUME{01d951602330db46-52233816}\WINDOWS\MICROSOFT.NET\FRAMEWORK\V4.0.30319\NGEN.EXE
2024-03-19 04:28:04,\VOLUME{01d951602330db46-52233816}\WINDOWS\MICROSOFT.NET\FRAMEWORK\V4.0.30319\NGEN.EXE
2024-03-19 04:28:04,\VOLUME{01d951602330db46-52233816}\WINDOWS\MICROSOFT.NET\FRAMEWORK\V4.0.30319\NGEN.EXE
2024-05-21 03:10:41,\VOLUME{01d951602330db46-52233816}\WINDOWS\MICROSOFT.NET\FRAMEWORK64\V4.0.30319\NGEN.EXE
2024-05-14 03:39:43,\VOLUME{01d951602330db46-52233816}\WINDOWS\MICROSOFT.NET\FRAMEWORK64\V4.0.30319\NGEN.EXE
2024-05-14 03:23:25,\VOLUME{01d951602330db46-52233816}\WINDOWS\MICROSOFT.NET\FRAMEWORK64\V4.0.30319\NGEN.EXE
2024-04-26 10:17:29,\VOLUME{01d951602330db46-52233816}\WINDOWS\MICROSOFT.NET\FRAMEWORK64\V4.0.30319\NGEN.EXE
2024-03-26 20:43:29,\VOLUME{01d951602330db46-52233816}\WINDOWS\MICROSOFT.NET\FRAMEWORK64\V4.0.30319\NGEN.EXE
2024-03-19 05:24:16,\VOLUME{01d951602330db46-52233816}\WINDOWS\MICROSOFT.NET\FRAMEWORK64\V4.0.30319\NGEN.EXE
2024-03-19 04:28:04,\VOLUME{01d951602330db46-52233816}\WINDOWS\MICROSOFT.NET\FRAMEWORK64\V4.0.30319\NGEN.EXE
2024-03-19 04:28:04,\VOLUME{01d951602330db46-52233816}\WINDOWS\MICROSOFT.NET\FRAMEWORK64\V4.0.30319\NGEN.EXE
2024-05-14 03:39:43,\VOLUME{01d951602330db46-52233816}\WINDOWS\MICROSOFT.NET\FRAMEWORK64\V4.0.30319\NGENTASK.EXE
2024-05-14 03:39:43,\VOLUME{01d951602330db46-52233816}\WINDOWS\MICROSOFT.NET\FRAMEWORK\V4.0.30319\NGENTASK.EXE
2024-03-14 13:10:34,\VOLUME{01d951602330db46-52233816}\PROGRAM FILES\NOTEPAD++\NOTEPAD++.EXE
2024-03-14 13:06:38,\VOLUME{01d951602330db46-52233816}\PROGRAM FILES\NOTEPAD++\NOTEPAD++.EXE
2024-03-14 13:04:23,\VOLUME{01d951602330db46-52233816}\PROGRAM FILES\NOTEPAD++\NOTEPAD++.EXE
2024-03-14 09:55:49,\VOLUME{01d951602330db46-52233816}\PROGRAM FILES\NOTEPAD++\NOTEPAD++.EXE
2024-03-14 09:51:37,\VOLUME{01d951602330db46-52233816}\PROGRAM FILES\NOTEPAD++\NOTEPAD++.EXE
2024-03-14 09:48:06,\VOLUME{01d951602330db46-52233816}\PROGRAM FILES\NOTEPAD++\NOTEPAD++.EXE
2024-03-14 09:45:26,\VOLUME{01d951602330db46-52233816}\PROGRAM FILES\NOTEPAD++\NOTEPAD++.EXE
2024-03-14 09:43:14,\VOLUME{01d951602330db46-52233816}\PROGRAM FILES\NOTEPAD++\NOTEPAD++.EXE
2024-03-19 05:06:13,\VOLUME{01d951602330db46-52233816}\WINDOWS\SYSTEM32\NOTEPAD.EXE
2023-05-22 11:15:33,\VOLUME{01d951602330db46-52233816}\WINDOWS\SYSTEM32\NOTEPAD.EXE
2023-05-03 13:33:01,\VOLUME{01d951602330db46-52233816}\WINDOWS\SYSTEM32\NOTEPAD.EXE
2023-05-02 14:53:13,\VOLUME{01d951602330db46-52233816}\WINDOWS\SYSTEM32\NOTEPAD.EXE
2023-05-02 14:52:20,\VOLUME{01d951602330db46-52233816}\WINDOWS\SYSTEM32\NOTEPAD.EXE
2023-05-02 14:50:49,\VOLUME{01d951602330db46-52233816}\WINDOWS\SYSTEM32\NOTEPAD.EXE
2023-05-02 14:49:29,\VOLUME{01d951602330db46-52233816}\WINDOWS\SYSTEM32\NOTEPAD.EXE
2023-05-02 14:47:23,\VOLUME{01d951602330db46-52233816}\WINDOWS\SYSTEM32\NOTEPAD.EXE
2023-05-05 10:23:05,OBS-STUDIO-28.1.2-FULL-INSTAL
2023-05-05 10:23:14,OBS-STUDIO-28.1.2-FULL-INSTAL
2023-05-05 10:27:15,\VOLUME{01d951602330db46-52233816}\USERS\SIMON.STARK\DOCUMENTS\STREAMING SOFTWARE\OBS STREAMING SOFTWARE\OBS-STUDIO\BIN\64BIT\OBS64.EXE
2023-05-05 10:25:38,\VOLUME{01d951602330db46-52233816}\USERS\SIMON.STARK\DOCUMENTS\STREAMING SOFTWARE\OBS STREAMING SOFTWARE\OBS-STUDIO\BIN\64BIT\OBS64.EXE
2023-05-02 15:01:37,\VOLUME{01d951602330db46-52233816}\PROGRAM FILES\COMMON FILES\MICROSOFT SHARED\CLICKTORUN\OFFICEC2RCLIENT.EXE
2023-05-02 15:01:40,\VOLUME{01d951602330db46-52233816}\PROGRAM FILES\COMMON FILES\MICROSOFT SHARED\CLICKTORUN\OFFICEC2RCLIENT.EXE
2023-05-02 15:01:41,\VOLUME{01d951602330db46-52233816}\PROGRAM FILES\COMMON FILES\MICROSOFT SHARED\CLICKTORUN\OFFICEC2RCLIENT.EXE
2023-03-10 04:03:20,\VOLUME{01d951602330db46-52233816}\PROGRAM FILES\COMMON FILES\MICROSOFT SHARED\CLICKTORUN\OFFICEC2RCLIENT.EXE
2023-05-02 15:02:47,\VOLUME{01d951602330db46-52233816}\PROGRAM FILES\COMMON FILES\MICROSOFT SHARED\CLICKTORUN\OFFICECLICKTORUN.EXE
2023-05-02 15:01:34,\VOLUME{01d951602330db46-52233816}\PROGRAM FILES\COMMON FILES\MICROSOFT SHARED\CLICKTORUN\OFFICECLICKTORUN.EXE
2023-05-02 14:12:26,\VOLUME{01d951602330db46-52233816}\PROGRAM FILES\COMMON FILES\MICROSOFT SHARED\CLICKTORUN\OFFICECLICKTORUN.EXE
2023-03-10 04:03:19,\VOLUME{01d951602330db46-52233816}\PROGRAM FILES\COMMON FILES\MICROSOFT SHARED\CLICKTORUN\OFFICECLICKTORUN.EXE
2023-03-10 04:03:19,\VOLUME{01d951602330db46-52233816}\PROGRAM FILES\COMMON FILES\MICROSOFT SHARED\CLICKTORUN\OFFICECLICKTORUN.EXE
2023-03-08 11:23:45,\VOLUME{01d951602330db46-52233816}\USERS\ADMINISTRATOR\APPDATA\LOCAL\MICROSOFT\ONEDRIVE\ONEDRIVE.EXE
2023-03-08 10:14:25,\VOLUME{01d951602330db46-52233816}\USERS\CYBERJUNKIE\APPDATA\LOCAL\MICROSOFT\ONEDRIVE\ONEDRIVE.EXE
2023-03-08 10:07:58,\VOLUME{01d951602330db46-52233816}\USERS\CYBERJUNKIE\APPDATA\LOCAL\MICROSOFT\ONEDRIVE\ONEDRIVE.EXE
2023-03-08 09:50:31,\VOLUME{01d951602330db46-52233816}\USERS\CYBERJUNKIE\APPDATA\LOCAL\MICROSOFT\ONEDRIVE\ONEDRIVE.EXE
2023-03-08 09:50:06,\VOLUME{01d951602330db46-52233816}\USERS\CYBERJUNKIE\APPDATA\LOCAL\MICROSOFT\ONEDRIVE\ONEDRIVE.EXE
2023-03-08 09:47:17,\VOLUME{01d951602330db46-52233816}\USERS\CYBERJUNKIE\APPDATA\LOCAL\MICROSOFT\ONEDRIVE\ONEDRIVE.EXE
2023-03-08 09:46:14,\VOLUME{01d951602330db46-52233816}\USERS\CYBERJUNKIE\APPDATA\LOCAL\MICROSOFT\ONEDRIVE\ONEDRIVE.EXE
2023-03-08 09:43:36,\VOLUME{01d951602330db46-52233816}\USERS\CYBERJUNKIE\APPDATA\LOCAL\MICROSOFT\ONEDRIVE\ONEDRIVE.EXE
2023-03-08 08:28:13,\VOLUME{01d951602330db46-52233816}\USERS\CYBERJUNKIE\APPDATA\LOCAL\MICROSOFT\ONEDRIVE\ONEDRIVE.EXE
2023-03-10 03:13:51,\VOLUME{01d951602330db46-52233816}\USERS\HAPPY.GRUNWALD\APPDATA\LOCAL\MICROSOFT\ONEDRIVE\ONEDRIVE.EXE
2023-03-09 11:20:43,\VOLUME{01d951602330db46-52233816}\USERS\HAPPY.GRUNWALD\APPDATA\LOCAL\MICROSOFT\ONEDRIVE\ONEDRIVE.EXE
2023-03-09 09:15:34,\VOLUME{01d951602330db46-52233816}\USERS\HAPPY.GRUNWALD\APPDATA\LOCAL\MICROSOFT\ONEDRIVE\ONEDRIVE.EXE
2023-03-08 11:31:42,\VOLUME{01d951602330db46-52233816}\USERS\HAPPY.GRUNWALD\APPDATA\LOCAL\MICROSOFT\ONEDRIVE\ONEDRIVE.EXE
2023-03-08 11:20:27,\VOLUME{01d951602330db46-52233816}\USERS\HAPPY.GRUNWALD\APPDATA\LOCAL\MICROSOFT\ONEDRIVE\ONEDRIVE.EXE
2023-03-08 11:20:00,\VOLUME{01d951602330db46-52233816}\USERS\HAPPY.GRUNWALD\APPDATA\LOCAL\MICROSOFT\ONEDRIVE\ONEDRIVE.EXE
2024-05-21 03:12:55,\VOLUME{01d951602330db46-52233816}\PROGRAM FILES\MICROSOFT ONEDRIVE\ONEDRIVE.EXE
2024-03-26 20:35:19,\VOLUME{01d951602330db46-52233816}\PROGRAM FILES\MICROSOFT ONEDRIVE\ONEDRIVE.EXE
2024-03-19 05:24:06,\VOLUME{01d951602330db46-52233816}\PROGRAM FILES\MICROSOFT ONEDRIVE\ONEDRIVE.EXE
2024-03-19 04:20:38,\VOLUME{01d951602330db46-52233816}\PROGRAM FILES\MICROSOFT ONEDRIVE\ONEDRIVE.EXE
2024-03-19 04:04:43,\VOLUME{01d951602330db46-52233816}\PROGRAM FILES\MICROSOFT ONEDRIVE\ONEDRIVE.EXE
2024-03-14 13:01:46,\VOLUME{01d951602330db46-52233816}\PROGRAM FILES\MICROSOFT ONEDRIVE\ONEDRIVE.EXE
2024-03-14 09:12:48,\VOLUME{01d951602330db46-52233816}\PROGRAM FILES\MICROSOFT ONEDRIVE\ONEDRIVE.EXE
2024-03-14 08:54:46,\VOLUME{01d951602330db46-52233816}\PROGRAM FILES\MICROSOFT ONEDRIVE\ONEDRIVE.EXE
2024-05-21 03:12:50,\VOLUME{01d951602330db46-52233816}\PROGRAM FILES\MICROSOFT ONEDRIVE\UPDATE\ONEDRIVESETUP.EXE
2024-05-21 03:12:50,\VOLUME{01d951602330db46-52233816}\PROGRAM FILES\MICROSOFT ONEDRIVE\UPDATE\ONEDRIVESETUP.EXE
2024-04-26 10:09:30,\VOLUME{01d951602330db46-52233816}\PROGRAM FILES\MICROSOFT ONEDRIVE\UPDATE\ONEDRIVESETUP.EXE
2024-04-26 10:09:30,\VOLUME{01d951602330db46-52233816}\PROGRAM FILES\MICROSOFT ONEDRIVE\UPDATE\ONEDRIVESETUP.EXE
2023-05-02 14:22:26,Op-EXPLORER.EXE-D5E97654
2024-03-14 08:33:25,Op-MSEDGE.EXE-37D25F9A
2023-09-07 11:38:53,Op-MSEDGE.EXE-37D25F9A
2023-09-07 10:36:33,Op-MSEDGE.EXE-37D25F9A
2023-09-07 10:26:32,Op-MSEDGE.EXE-37D25F9A
2023-07-24 10:03:20,Op-MSEDGE.EXE-37D25F9A
2023-07-24 06:04:54,Op-MSEDGE.EXE-37D25F9A
2023-05-08 11:38:11,Op-MSEDGE.EXE-37D25F9A
2023-05-05 10:27:17,Op-MSEDGE.EXE-37D25F9A
2023-05-03 13:32:59,\VOLUME{01d951602330db46-52233816}\WINDOWS\SYSTEM32\OPENWITH.EXE
2023-05-02 14:47:21,\VOLUME{01d951602330db46-52233816}\WINDOWS\SYSTEM32\OPENWITH.EXE
2023-03-09 10:08:28,\VOLUME{01d951602330db46-52233816}\WINDOWS\SYSTEM32\OPENWITH.EXE
2023-05-02 14:38:20,\VOLUME{01d951602330db46-52233816}\USERS\SIMON.STARK\DOWNLOADS\PHPSTORM-2023.1.1.EXE
2023-05-02 14:38:07,\VOLUME{01d951602330db46-52233816}\USERS\SIMON.STARK\DOWNLOADS\PHPSTORM-2023.1.1.EXE
2023-05-02 15:01:40,\VOLUME{01d951602330db46-52233816}\PROGRAM FILES\MICROSOFT OFFICE\ROOT\OFFICE16\POWERPNT.EXE
2023-05-02 15:01:25,\VOLUME{01d951602330db46-52233816}\PROGRAM FILES\MICROSOFT OFFICE\ROOT\OFFICE16\POWERPNT.EXE
2023-05-02 15:01:11,\VOLUME{01d951602330db46-52233816}\PROGRAM FILES\MICROSOFT OFFICE\ROOT\OFFICE16\POWERPNT.EXE
2023-05-02 15:00:54,\VOLUME{01d951602330db46-52233816}\PROGRAM FILES\MICROSOFT OFFICE\ROOT\OFFICE16\POWERPNT.EXE
2023-05-02 15:00:36,\VOLUME{01d951602330db46-52233816}\PROGRAM FILES\MICROSOFT OFFICE\ROOT\OFFICE16\POWERPNT.EXE
2024-05-21 03:16:29,\VOLUME{01d951602330db46-52233816}\WINDOWS\SYSTEM32\WINDOWSPOWERSHELL\V1.0\POWERSHELL.EXE
2024-05-21 03:16:00,\VOLUME{01d951602330db46-52233816}\WINDOWS\SYSTEM32\WINDOWSPOWERSHELL\V1.0\POWERSHELL.EXE
2024-03-19 05:08:07,\VOLUME{01d951602330db46-52233816}\WINDOWS\SYSTEM32\WINDOWSPOWERSHELL\V1.0\POWERSHELL_ISE.EXE
2023-09-07 12:05:25,\VOLUME{01d951602330db46-52233816}\USERS\ALONZO.SPIRE\DOWNLOADS\PSTOOLS\PSEXEC64.EXE
2023-09-07 12:00:30,\VOLUME{01d951602330db46-52233816}\USERS\ALONZO.SPIRE\DOWNLOADS\PSTOOLS\PSEXEC64.EXE
2023-09-07 11:57:50,\VOLUME{01d951602330db46-52233816}\USERS\ALONZO.SPIRE\DOWNLOADS\PSTOOLS\PSEXEC64.EXE
2023-09-07 11:57:37,\VOLUME{01d951602330db46-52233816}\USERS\ALONZO.SPIRE\DOWNLOADS\PSTOOLS\PSEXEC64.EXE
2023-09-07 11:55:40,\VOLUME{01d951602330db46-52233816}\USERS\ALONZO.SPIRE\DOWNLOADS\PSTOOLS\PSEXEC64.EXE
2023-09-07 11:52:44,\VOLUME{01d951602330db46-52233816}\USERS\ALONZO.SPIRE\DOWNLOADS\PSTOOLS\PSEXEC64.EXE
2023-09-07 11:52:27,\VOLUME{01d951602330db46-52233816}\USERS\ALONZO.SPIRE\DOWNLOADS\PSTOOLS\PSEXEC64.EXE
2023-09-07 11:37:15,\VOLUME{01d951602330db46-52233816}\USERS\ALONZO.SPIRE\DOWNLOADS\PSTOOLS\PSEXEC64.EXE
2024-03-26 20:34:53,\VOLUME{01d951602330db46-52233816}\WINDOWS\REGEDIT.EXE
2024-05-21 03:18:08,\VOLUME{01d951602330db46-52233816}\USERS\ALONZO.SPIRE\DOWNLOADS\RUBEUS.EXE
2024-05-21 03:12:05,\VOLUME{01d951602330db46-52233816}\WINDOWS\SYSTEM32\RUNDLL32.EXE
2024-04-26 10:17:19,\VOLUME{01d951602330db46-52233816}\WINDOWS\SYSTEM32\RUNDLL32.EXE
2023-06-12 06:52:19,\VOLUME{01d951602330db46-52233816}\WINDOWS\SYSTEM32\RUNDLL32.EXE
2024-05-21 03:28:21,\VOLUME{01d951602330db46-52233816}\WINDOWS\SYSTEM32\RUNDLL32.EXE
2024-04-26 10:17:25,\VOLUME{01d951602330db46-52233816}\WINDOWS\SYSTEM32\RUNDLL32.EXE
2024-03-26 20:34:55,\VOLUME{01d951602330db46-52233816}\WINDOWS\SYSWOW64\RUNONCE.EXE
2024-03-19 05:24:09,\VOLUME{01d951602330db46-52233816}\WINDOWS\SYSWOW64\RUNONCE.EXE
2024-03-19 04:04:46,\VOLUME{01d951602330db46-52233816}\WINDOWS\SYSWOW64\RUNONCE.EXE
2024-03-14 09:12:50,\VOLUME{01d951602330db46-52233816}\WINDOWS\SYSWOW64\RUNONCE.EXE
2024-03-14 08:54:48,\VOLUME{01d951602330db46-52233816}\WINDOWS\SYSWOW64\RUNONCE.EXE
2024-03-14 08:31:11,\VOLUME{01d951602330db46-52233816}\WINDOWS\SYSWOW64\RUNONCE.EXE
2023-09-07 08:29:56,\VOLUME{01d951602330db46-52233816}\WINDOWS\SYSWOW64\RUNONCE.EXE
2023-06-12 06:50:27,\VOLUME{01d951602330db46-52233816}\WINDOWS\SYSWOW64\RUNONCE.EXE
2024-05-21 03:13:44,\VOLUME{01d951602330db46-52233816}\WINDOWS\SYSTEM32\RUNTIMEBROKER.EXE
2024-05-21 03:12:17,\VOLUME{01d951602330db46-52233816}\WINDOWS\SYSTEM32\RUNTIMEBROKER.EXE
2024-04-26 10:09:02,\VOLUME{01d951602330db46-52233816}\WINDOWS\SYSTEM32\RUNTIMEBROKER.EXE
2024-05-21 03:15:43,\VOLUME{01d951602330db46-52233816}\WINDOWS\SYSTEM32\RUNTIMEBROKER.EXE
2024-04-26 10:08:52,\VOLUME{01d951602330db46-52233816}\WINDOWS\SYSTEM32\RUNTIMEBROKER.EXE
2024-05-21 03:14:08,\VOLUME{01d951602330db46-52233816}\WINDOWS\SYSTEM32\RUNTIMEBROKER.EXE
2024-04-26 10:11:38,\VOLUME{01d951602330db46-52233816}\WINDOWS\SYSTEM32\RUNTIMEBROKER.EXE
2024-04-26 10:08:52,\VOLUME{01d951602330db46-52233816}\WINDOWS\SYSTEM32\RUNTIMEBROKER.EXE
2024-05-21 03:10:43,\VOLUME{01d951602330db46-52233816}\WINDOWS\SYSWOW64\SCHTASKS.EXE
2024-05-21 03:10:43,\VOLUME{01d951602330db46-52233816}\WINDOWS\SYSWOW64\SCHTASKS.EXE
2024-05-21 03:10:43,\VOLUME{01d951602330db46-52233816}\WINDOWS\SYSWOW64\SCHTASKS.EXE
2023-03-10 04:02:05,\VOLUME{01d951602330db46-52233816}\WINDOWS\SYSTEMAPPS\MICROSOFT.WINDOWS.SEARCH_CW5N1H2TXYEWY\SEARCHAPP.EXE
2023-03-10 03:23:39,\VOLUME{01d951602330db46-52233816}\WINDOWS\SYSTEMAPPS\MICROSOFT.WINDOWS.SEARCH_CW5N1H2TXYEWY\SEARCHAPP.EXE
2023-03-09 12:21:34,\VOLUME{01d951602330db46-52233816}\WINDOWS\SYSTEMAPPS\MICROSOFT.WINDOWS.SEARCH_CW5N1H2TXYEWY\SEARCHAPP.EXE
2023-03-07 13:14:35,\VOLUME{01d951602330db46-52233816}\WINDOWS\SYSTEMAPPS\MICROSOFT.WINDOWS.SEARCH_CW5N1H2TXYEWY\SEARCHAPP.EXE
2023-05-22 11:14:49,\VOLUME{01d951602330db46-52233816}\WINDOWS\SYSTEMAPPS\MICROSOFT.WINDOWS.SEARCH_CW5N1H2TXYEWY\SEARCHAPP.EXE
2023-05-04 07:58:57,\VOLUME{01d951602330db46-52233816}\WINDOWS\SYSTEMAPPS\MICROSOFT.WINDOWS.SEARCH_CW5N1H2TXYEWY\SEARCHAPP.EXE
2023-05-02 14:30:16,\VOLUME{01d951602330db46-52233816}\WINDOWS\SYSTEMAPPS\MICROSOFT.WINDOWS.SEARCH_CW5N1H2TXYEWY\SEARCHAPP.EXE
2023-03-09 09:15:23,\VOLUME{01d951602330db46-52233816}\WINDOWS\SYSTEMAPPS\MICROSOFT.WINDOWS.SEARCH_CW5N1H2TXYEWY\SEARCHAPP.EXE
2023-03-08 11:19:28,\VOLUME{01d951602330db46-52233816}\WINDOWS\SYSTEMAPPS\MICROSOFT.WINDOWS.SEARCH_CW5N1H2TXYEWY\SEARCHAPP.EXE
2023-03-08 09:50:19,\VOLUME{01d951602330db46-52233816}\WINDOWS\SYSTEMAPPS\MICROSOFT.WINDOWS.SEARCH_CW5N1H2TXYEWY\SEARCHAPP.EXE
2023-03-08 09:46:02,\VOLUME{01d951602330db46-52233816}\WINDOWS\SYSTEMAPPS\MICROSOFT.WINDOWS.SEARCH_CW5N1H2TXYEWY\SEARCHAPP.EXE
2023-03-08 08:28:01,\VOLUME{01d951602330db46-52233816}\WINDOWS\SYSTEMAPPS\MICROSOFT.WINDOWS.SEARCH_CW5N1H2TXYEWY\SEARCHAPP.EXE
2024-03-19 04:37:42,\VOLUME{01d951602330db46-52233816}\WINDOWS\SYSTEMAPPS\MICROSOFT.WINDOWS.SEARCH_CW5N1H2TXYEWY\SEARCHAPP.EXE
2024-03-19 04:31:52,\VOLUME{01d951602330db46-52233816}\WINDOWS\SYSTEMAPPS\MICROSOFT.WINDOWS.SEARCH_CW5N1H2TXYEWY\SEARCHAPP.EXE
2024-03-19 04:04:14,\VOLUME{01d951602330db46-52233816}\WINDOWS\SYSTEMAPPS\MICROSOFT.WINDOWS.SEARCH_CW5N1H2TXYEWY\SEARCHAPP.EXE
2024-03-14 08:54:34,\VOLUME{01d951602330db46-52233816}\WINDOWS\SYSTEMAPPS\MICROSOFT.WINDOWS.SEARCH_CW5N1H2TXYEWY\SEARCHAPP.EXE
2024-03-14 08:30:48,\VOLUME{01d951602330db46-52233816}\WINDOWS\SYSTEMAPPS\MICROSOFT.WINDOWS.SEARCH_CW5N1H2TXYEWY\SEARCHAPP.EXE
2024-04-26 10:08:52,\VOLUME{01d951602330db46-52233816}\WINDOWS\SYSTEMAPPS\MICROSOFT.WINDOWS.SEARCH_CW5N1H2TXYEWY\SEARCHAPP.EXE
2024-03-26 20:34:39,\VOLUME{01d951602330db46-52233816}\WINDOWS\SYSTEMAPPS\MICROSOFT.WINDOWS.SEARCH_CW5N1H2TXYEWY\SEARCHAPP.EXE
2024-05-21 03:26:51,\VOLUME{01d951602330db46-52233816}\WINDOWS\SYSTEM32\SEARCHFILTERHOST.EXE
2024-05-21 03:13:22,\VOLUME{01d951602330db46-52233816}\WINDOWS\SYSTEM32\SEARCHFILTERHOST.EXE
2024-05-14 03:35:42,\VOLUME{01d951602330db46-52233816}\WINDOWS\SYSTEM32\SEARCHFILTERHOST.EXE
2024-05-14 03:24:19,\VOLUME{01d951602330db46-52233816}\WINDOWS\SYSTEM32\SEARCHFILTERHOST.EXE
2024-04-26 10:12:05,\VOLUME{01d951602330db46-52233816}\WINDOWS\SYSTEM32\SEARCHFILTERHOST.EXE
2024-03-26 20:35:25,\VOLUME{01d951602330db46-52233816}\WINDOWS\SYSTEM32\SEARCHFILTERHOST.EXE
2024-03-19 05:28:59,\VOLUME{01d951602330db46-52233816}\WINDOWS\SYSTEM32\SEARCHFILTERHOST.EXE
2024-03-19 05:23:55,\VOLUME{01d951602330db46-52233816}\WINDOWS\SYSTEM32\SEARCHFILTERHOST.EXE
2024-05-21 03:26:51,\VOLUME{01d951602330db46-52233816}\WINDOWS\SYSTEM32\SEARCHPROTOCOLHOST.EXE
2024-05-21 03:13:22,\VOLUME{01d951602330db46-52233816}\WINDOWS\SYSTEM32\SEARCHPROTOCOLHOST.EXE
2024-05-14 03:35:42,\VOLUME{01d951602330db46-52233816}\WINDOWS\SYSTEM32\SEARCHPROTOCOLHOST.EXE
2024-05-14 03:24:19,\VOLUME{01d951602330db46-52233816}\WINDOWS\SYSTEM32\SEARCHPROTOCOLHOST.EXE
2024-04-26 10:12:05,\VOLUME{01d951602330db46-52233816}\WINDOWS\SYSTEM32\SEARCHPROTOCOLHOST.EXE
2024-03-26 20:35:25,\VOLUME{01d951602330db46-52233816}\WINDOWS\SYSTEM32\SEARCHPROTOCOLHOST.EXE
2024-03-19 05:28:59,\VOLUME{01d951602330db46-52233816}\WINDOWS\SYSTEM32\SEARCHPROTOCOLHOST.EXE
2024-03-19 04:40:51,\VOLUME{01d951602330db46-52233816}\WINDOWS\SYSTEM32\SEARCHPROTOCOLHOST.EXE
2023-03-08 11:23:59,\VOLUME{01d951602330db46-52233816}\WINDOWS\SYSTEMAPPS\MICROSOFT.WINDOWS.SECHEALTHUI_CW5N1H2TXYEWY\SECHEALTHUI.EXE
2024-05-21 03:14:07,\VOLUME{01d951602330db46-52233816}\WINDOWS\SYSTEM32\SECURITYHEALTHHOST.EXE
2024-04-26 10:11:37,\VOLUME{01d951602330db46-52233816}\WINDOWS\SYSTEM32\SECURITYHEALTHHOST.EXE
2024-03-26 20:43:21,\VOLUME{01d951602330db46-52233816}\WINDOWS\SYSTEM32\SECURITYHEALTHHOST.EXE
2024-03-26 20:36:40,\VOLUME{01d951602330db46-52233816}\WINDOWS\SYSTEM32\SECURITYHEALTHHOST.EXE
2024-03-19 05:27:55,\VOLUME{01d951602330db46-52233816}\WINDOWS\SYSTEM32\SECURITYHEALTHHOST.EXE
2024-03-19 04:40:33,\VOLUME{01d951602330db46-52233816}\WINDOWS\SYSTEM32\SECURITYHEALTHHOST.EXE
2024-03-19 04:22:26,\VOLUME{01d951602330db46-52233816}\WINDOWS\SYSTEM32\SECURITYHEALTHHOST.EXE
2024-03-19 04:07:30,\VOLUME{01d951602330db46-52233816}\WINDOWS\SYSTEM32\SECURITYHEALTHHOST.EXE
2024-05-21 03:12:18,\VOLUME{01d951602330db46-52233816}\WINDOWS\SYSTEM32\SECURITYHEALTHSERVICE.EXE
2024-05-21 03:12:18,\VOLUME{01d951602330db46-52233816}\WINDOWS\SYSTEM32\SECURITYHEALTHSYSTRAY.EXE
2024-04-26 10:09:04,\VOLUME{01d951602330db46-52233816}\WINDOWS\SYSTEM32\SECURITYHEALTHSYSTRAY.EXE
2024-03-26 20:34:50,\VOLUME{01d951602330db46-52233816}\WINDOWS\SYSTEM32\SECURITYHEALTHSYSTRAY.EXE
2024-03-19 05:24:05,\VOLUME{01d951602330db46-52233816}\WINDOWS\SYSTEM32\SECURITYHEALTHSYSTRAY.EXE
2024-03-19 04:37:53,\VOLUME{01d951602330db46-52233816}\WINDOWS\SYSTEM32\SECURITYHEALTHSYSTRAY.EXE
2024-03-19 04:20:36,\VOLUME{01d951602330db46-52233816}\WINDOWS\SYSTEM32\SECURITYHEALTHSYSTRAY.EXE
2024-03-19 04:04:41,\VOLUME{01d951602330db46-52233816}\WINDOWS\SYSTEM32\SECURITYHEALTHSYSTRAY.EXE
2024-03-14 13:01:44,\VOLUME{01d951602330db46-52233816}\WINDOWS\SYSTEM32\SECURITYHEALTHSYSTRAY.EXE
2023-03-09 13:18:14,\VOLUME{01d951602330db46-52233816}\USERS\HAPPY.GRUNWALD\APPDATA\LOCAL\TEMP\7ZSC2F2DE5F\SETUP-STUB.EXE
2023-03-09 13:18:13,\VOLUME{01d951602330db46-52233816}\USERS\HAPPY.GRUNWALD\APPDATA\LOCAL\TEMP\7ZSC2F2DE5F\SETUP-STUB.EXE
2023-03-10 04:03:15,\VOLUME{01d951602330db46-52233816}\USERS\HAPPY.GRUNWALD\APPDATA\LOCAL\TEMP\OFFICEOFFLINEINSTALLER\SETUP.EXE
2024-05-14 03:26:04,\VOLUME{01d951602330db46-52233816}\PROGRAM FILES (X86)\MICROSOFT\EDGEUPDATE\INSTALL\{E2908C0C-8D65-4376-8FDC-722FD56A5A5C}\EDGEMITMP_56C57.TMP\SETUP.EXE
2024-05-21 03:10:44,\VOLUME{01d951602330db46-52233816}\PROGRAM FILES (X86)\MICROSOFT\EDGEUPDATE\INSTALL\{FAE15F41-E7E4-4F4C-A25E-7CD475FD3DC6}\EDGEMITMP_70EBC.TMP\SETUP.EXE
2024-05-14 03:24:59,\VOLUME{01d951602330db46-52233816}\PROGRAM FILES (X86)\MICROSOFT\EDGEUPDATE\INSTALL\{FB295D8F-1738-4ACE-A123-D09F1BBAB87D}\EDGEMITMP_57959.TMP\SETUP.EXE
2023-03-07 18:41:59,\VOLUME{0000000000000000-e8737baf}\SETUP64.EXE
2024-04-26 10:09:36,\VOLUME{01d951602330db46-52233816}\WINDOWS\SYSTEM32\SGRMBROKER.EXE
2024-05-21 03:14:08,\VOLUME{01d951602330db46-52233816}\WINDOWS\SYSTEMAPPS\SHELLEXPERIENCEHOST_CW5N1H2TXYEWY\SHELLEXPERIENCEHOST.EXE
2024-04-26 10:11:37,\VOLUME{01d951602330db46-52233816}\WINDOWS\SYSTEMAPPS\SHELLEXPERIENCEHOST_CW5N1H2TXYEWY\SHELLEXPERIENCEHOST.EXE
2024-03-26 20:36:40,\VOLUME{01d951602330db46-52233816}\WINDOWS\SYSTEMAPPS\SHELLEXPERIENCEHOST_CW5N1H2TXYEWY\SHELLEXPERIENCEHOST.EXE
2024-03-19 05:27:55,\VOLUME{01d951602330db46-52233816}\WINDOWS\SYSTEMAPPS\SHELLEXPERIENCEHOST_CW5N1H2TXYEWY\SHELLEXPERIENCEHOST.EXE
2024-03-19 04:40:33,\VOLUME{01d951602330db46-52233816}\WINDOWS\SYSTEMAPPS\SHELLEXPERIENCEHOST_CW5N1H2TXYEWY\SHELLEXPERIENCEHOST.EXE
2024-03-19 04:22:26,\VOLUME{01d951602330db46-52233816}\WINDOWS\SYSTEMAPPS\SHELLEXPERIENCEHOST_CW5N1H2TXYEWY\SHELLEXPERIENCEHOST.EXE
2024-03-19 04:07:30,\VOLUME{01d951602330db46-52233816}\WINDOWS\SYSTEMAPPS\SHELLEXPERIENCEHOST_CW5N1H2TXYEWY\SHELLEXPERIENCEHOST.EXE
2024-03-14 13:04:31,\VOLUME{01d951602330db46-52233816}\WINDOWS\SYSTEMAPPS\SHELLEXPERIENCEHOST_CW5N1H2TXYEWY\SHELLEXPERIENCEHOST.EXE
2024-03-14 09:13:48,\VOLUME{01d951602330db46-52233816}\WINDOWS\SYSTEMAPPS\SHELLEXPERIENCEHOST_CW5N1H2TXYEWY\SHELLEXPERIENCEHOST.EXE
2024-03-14 08:55:47,\VOLUME{01d951602330db46-52233816}\WINDOWS\SYSTEMAPPS\SHELLEXPERIENCEHOST_CW5N1H2TXYEWY\SHELLEXPERIENCEHOST.EXE
2024-03-14 08:32:50,\VOLUME{01d951602330db46-52233816}\WINDOWS\SYSTEMAPPS\SHELLEXPERIENCEHOST_CW5N1H2TXYEWY\SHELLEXPERIENCEHOST.EXE
2023-09-07 11:52:37,\VOLUME{01d951602330db46-52233816}\WINDOWS\SYSTEMAPPS\SHELLEXPERIENCEHOST_CW5N1H2TXYEWY\SHELLEXPERIENCEHOST.EXE
2024-05-21 03:10:34,\VOLUME{01d951602330db46-52233816}\WINDOWS\SYSTEM32\SIHCLIENT.EXE
2024-05-14 03:11:57,\VOLUME{01d951602330db46-52233816}\WINDOWS\SYSTEM32\SIHCLIENT.EXE
2024-04-26 10:12:11,\VOLUME{01d951602330db46-52233816}\WINDOWS\SYSTEM32\SIHCLIENT.EXE
2024-05-21 03:12:05,\VOLUME{01d951602330db46-52233816}\WINDOWS\SYSTEM32\SIHOST.EXE
2024-03-19 04:20:23,\VOLUME{01d951602330db46-52233816}\WINDOWS\SYSTEM32\SIHOST.EXE
2024-03-14 08:34:17,\VOLUME{01d951602330db46-52233816}\WINDOWS\SYSTEM32\SIHOST.EXE
2023-09-07 08:27:55,\VOLUME{01d951602330db46-52233816}\WINDOWS\SYSTEM32\SIHOST.EXE
2023-06-12 06:48:52,\VOLUME{01d951602330db46-52233816}\WINDOWS\SYSTEM32\SIHOST.EXE
2023-05-08 10:10:33,\VOLUME{01d951602330db46-52233816}\WINDOWS\SYSTEM32\SIHOST.EXE
2023-05-05 10:30:43,\VOLUME{01d951602330db46-52233816}\WINDOWS\SYSTEM32\SIHOST.EXE
2023-05-05 10:28:16,\VOLUME{01d951602330db46-52233816}\WINDOWS\SYSTEM32\SIHOST.EXE
2024-05-21 03:28:14,\VOLUME{01d951602330db46-52233816}\WINDOWS\SYSTEM32\SMARTSCREEN.EXE
2024-05-21 03:22:18,\VOLUME{01d951602330db46-52233816}\WINDOWS\SYSTEM32\SMARTSCREEN.EXE
2024-05-21 03:12:18,\VOLUME{01d951602330db46-52233816}\WINDOWS\SYSTEM32\SMARTSCREEN.EXE
2024-04-26 10:18:24,\VOLUME{01d951602330db46-52233816}\WINDOWS\SYSTEM32\SMARTSCREEN.EXE
2024-04-26 10:09:04,\VOLUME{01d951602330db46-52233816}\WINDOWS\SYSTEM32\SMARTSCREEN.EXE
2024-03-26 21:16:49,\VOLUME{01d951602330db46-52233816}\WINDOWS\SYSTEM32\SMARTSCREEN.EXE
2024-03-26 20:44:50,\VOLUME{01d951602330db46-52233816}\WINDOWS\SYSTEM32\SMARTSCREEN.EXE
2024-03-26 20:34:50,\VOLUME{01d951602330db46-52233816}\WINDOWS\SYSTEM32\SMARTSCREEN.EXE
2024-03-26 20:47:31,\VOLUME{01d951602330db46-52233816}\WINDOWS\SYSTEM32\SPPEXTCOMOBJ.EXE
2024-03-19 04:26:45,\VOLUME{01d951602330db46-52233816}\WINDOWS\SYSTEM32\SPPEXTCOMOBJ.EXE
2024-03-14 08:34:17,\VOLUME{01d951602330db46-52233816}\WINDOWS\SYSTEM32\SPPEXTCOMOBJ.EXE
2023-07-25 07:50:55,\VOLUME{01d951602330db46-52233816}\WINDOWS\SYSTEM32\SPPEXTCOMOBJ.EXE
2023-06-12 06:52:15,\VOLUME{01d951602330db46-52233816}\WINDOWS\SYSTEM32\SPPEXTCOMOBJ.EXE
2023-05-08 10:12:53,\VOLUME{01d951602330db46-52233816}\WINDOWS\SYSTEM32\SPPEXTCOMOBJ.EXE
2023-05-05 10:30:43,\VOLUME{01d951602330db46-52233816}\WINDOWS\SYSTEM32\SPPEXTCOMOBJ.EXE
2023-05-05 09:44:45,\VOLUME{01d951602330db46-52233816}\WINDOWS\SYSTEM32\SPPEXTCOMOBJ.EXE
2024-05-21 03:16:50,\VOLUME{01d951602330db46-52233816}\WINDOWS\SYSTEM32\SPPSVC.EXE
2024-05-21 03:13:38,\VOLUME{01d951602330db46-52233816}\WINDOWS\SYSTEM32\SPPSVC.EXE
2024-05-14 03:23:11,\VOLUME{01d951602330db46-52233816}\WINDOWS\SYSTEM32\SPPSVC.EXE
2024-05-14 03:12:46,\VOLUME{01d951602330db46-52233816}\WINDOWS\SYSTEM32\SPPSVC.EXE
2024-04-26 10:17:40,\VOLUME{01d951602330db46-52233816}\WINDOWS\SYSTEM32\SPPSVC.EXE
2024-04-26 10:09:36,\VOLUME{01d951602330db46-52233816}\WINDOWS\SYSTEM32\SPPSVC.EXE
2024-03-26 23:25:40,\VOLUME{01d951602330db46-52233816}\WINDOWS\SYSTEM32\SPPSVC.EXE
2024-03-26 23:17:46,\VOLUME{01d951602330db46-52233816}\WINDOWS\SYSTEM32\SPPSVC.EXE
2024-04-26 10:08:52,\VOLUME{01d951602330db46-52233816}\WINDOWS\SYSTEMAPPS\MICROSOFT.WINDOWS.STARTMENUEXPERIENCEHOST_CW5N1H2TXYEWY\STARTMENUEXPERIENCEHOST.EXE
2024-03-26 20:34:39,\VOLUME{01d951602330db46-52233816}\WINDOWS\SYSTEMAPPS\MICROSOFT.WINDOWS.STARTMENUEXPERIENCEHOST_CW5N1H2TXYEWY\STARTMENUEXPERIENCEHOST.EXE
2024-03-19 05:23:54,\VOLUME{01d951602330db46-52233816}\WINDOWS\SYSTEMAPPS\MICROSOFT.WINDOWS.STARTMENUEXPERIENCEHOST_CW5N1H2TXYEWY\STARTMENUEXPERIENCEHOST.EXE
2024-03-19 04:37:42,\VOLUME{01d951602330db46-52233816}\WINDOWS\SYSTEMAPPS\MICROSOFT.WINDOWS.STARTMENUEXPERIENCEHOST_CW5N1H2TXYEWY\STARTMENUEXPERIENCEHOST.EXE
2024-03-19 04:04:12,\VOLUME{01d951602330db46-52233816}\WINDOWS\SYSTEMAPPS\MICROSOFT.WINDOWS.STARTMENUEXPERIENCEHOST_CW5N1H2TXYEWY\STARTMENUEXPERIENCEHOST.EXE
2024-03-14 13:01:33,\VOLUME{01d951602330db46-52233816}\WINDOWS\SYSTEMAPPS\MICROSOFT.WINDOWS.STARTMENUEXPERIENCEHOST_CW5N1H2TXYEWY\STARTMENUEXPERIENCEHOST.EXE
2024-03-14 09:12:35,\VOLUME{01d951602330db46-52233816}\WINDOWS\SYSTEMAPPS\MICROSOFT.WINDOWS.STARTMENUEXPERIENCEHOST_CW5N1H2TXYEWY\STARTMENUEXPERIENCEHOST.EXE
2024-03-14 08:54:33,\VOLUME{01d951602330db46-52233816}\WINDOWS\SYSTEMAPPS\MICROSOFT.WINDOWS.STARTMENUEXPERIENCEHOST_CW5N1H2TXYEWY\STARTMENUEXPERIENCEHOST.EXE
2024-03-14 08:30:48,\VOLUME{01d951602330db46-52233816}\WINDOWS\SYSTEMAPPS\MICROSOFT.WINDOWS.STARTMENUEXPERIENCEHOST_CW5N1H2TXYEWY\STARTMENUEXPERIENCEHOST.EXE
2023-09-07 11:48:51,\VOLUME{01d951602330db46-52233816}\WINDOWS\SYSTEMAPPS\MICROSOFT.WINDOWS.STARTMENUEXPERIENCEHOST_CW5N1H2TXYEWY\STARTMENUEXPERIENCEHOST.EXE
2023-07-24 06:00:24,\VOLUME{01d951602330db46-52233816}\WINDOWS\SYSTEMAPPS\MICROSOFT.WINDOWS.STARTMENUEXPERIENCEHOST_CW5N1H2TXYEWY\STARTMENUEXPERIENCEHOST.EXE
2024-05-21 03:12:17,\VOLUME{01d951602330db46-52233816}\WINDOWS\SYSTEM32\SVCHOST.EXE
2024-05-21 03:12:53,\VOLUME{01d951602330db46-52233816}\WINDOWS\SYSTEM32\SVCHOST.EXE
2024-05-14 03:13:04,\VOLUME{01d951602330db46-52233816}\WINDOWS\SYSTEM32\SVCHOST.EXE
2024-05-21 03:13:38,\VOLUME{01d951602330db46-52233816}\WINDOWS\SYSTEM32\SVCHOST.EXE
2024-05-21 03:28:23,\VOLUME{01d951602330db46-52233816}\WINDOWS\SYSTEM32\SVCHOST.EXE
2024-04-26 10:09:48,\VOLUME{01d951602330db46-52233816}\WINDOWS\SYSTEM32\SVCHOST.EXE
2024-05-21 03:12:06,\VOLUME{01d951602330db46-52233816}\WINDOWS\SYSTEM32\SVCHOST.EXE
2024-04-26 10:11:04,\VOLUME{01d951602330db46-52233816}\WINDOWS\SYSTEM32\SVCHOST.EXE
2024-04-26 10:11:00,\VOLUME{01d951602330db46-52233816}\WINDOWS\SYSTEM32\SVCHOST.EXE
2024-04-26 10:10:49,\VOLUME{01d951602330db46-52233816}\WINDOWS\SYSTEM32\SVCHOST.EXE
2024-04-26 10:10:44,\VOLUME{01d951602330db46-52233816}\WINDOWS\SYSTEM32\SVCHOST.EXE
2024-04-26 10:10:34,\VOLUME{01d951602330db46-52233816}\WINDOWS\SYSTEM32\SVCHOST.EXE
2024-04-26 10:10:29,\VOLUME{01d951602330db46-52233816}\WINDOWS\SYSTEM32\SVCHOST.EXE
2024-05-21 03:12:05,\VOLUME{01d951602330db46-52233816}\WINDOWS\SYSTEM32\SVCHOST.EXE
2024-05-21 03:10:41,\VOLUME{01d951602330db46-52233816}\WINDOWS\SYSTEM32\SVCHOST.EXE
2024-05-14 03:23:25,\VOLUME{01d951602330db46-52233816}\WINDOWS\SYSTEM32\SVCHOST.EXE
2024-05-14 03:12:45,\VOLUME{01d951602330db46-52233816}\WINDOWS\SYSTEM32\SVCHOST.EXE
2024-03-26 21:06:51,\VOLUME{01d951602330db46-52233816}\WINDOWS\SYSTEM32\SVCHOST.EXE
2024-03-19 04:56:12,\VOLUME{01d951602330db46-52233816}\WINDOWS\SYSTEM32\SVCHOST.EXE
2024-03-19 04:34:30,\VOLUME{01d951602330db46-52233816}\WINDOWS\SYSTEM32\SVCHOST.EXE
2024-03-19 04:17:27,\VOLUME{01d951602330db46-52233816}\WINDOWS\SYSTEM32\SVCHOST.EXE
2024-03-19 04:09:04,\VOLUME{01d951602330db46-52233816}\WINDOWS\SYSTEM32\SVCHOST.EXE
2024-04-26 10:09:37,\VOLUME{01d951602330db46-52233816}\WINDOWS\SYSTEM32\SVCHOST.EXE
2024-03-26 23:57:52,\VOLUME{01d951602330db46-52233816}\WINDOWS\SYSTEM32\SVCHOST.EXE
2024-03-26 23:42:55,\VOLUME{01d951602330db46-52233816}\WINDOWS\SYSTEM32\SVCHOST.EXE
2024-03-26 23:17:46,\VOLUME{01d951602330db46-52233816}\WINDOWS\SYSTEM32\SVCHOST.EXE
2024-03-26 22:31:23,\VOLUME{01d951602330db46-52233816}\WINDOWS\SYSTEM32\SVCHOST.EXE
2024-03-26 21:42:55,\VOLUME{01d951602330db46-52233816}\WINDOWS\SYSTEM32\SVCHOST.EXE
2024-03-19 04:56:09,\VOLUME{01d951602330db46-52233816}\WINDOWS\SYSTEM32\SVCHOST.EXE
2024-03-14 08:50:53,\VOLUME{01d951602330db46-52233816}\WINDOWS\SYSTEM32\SVCHOST.EXE
2023-09-07 12:14:04,\VOLUME{01d951602330db46-52233816}\WINDOWS\SYSTEM32\SVCHOST.EXE
2024-04-26 10:17:30,\VOLUME{01d951602330db46-52233816}\WINDOWS\SYSTEM32\SVCHOST.EXE
2024-05-21 03:12:05,\VOLUME{01d951602330db46-52233816}\WINDOWS\SYSTEM32\SVCHOST.EXE
2024-05-21 03:12:05,\VOLUME{01d951602330db46-52233816}\WINDOWS\SYSTEM32\SVCHOST.EXE
2024-04-26 10:17:24,\VOLUME{01d951602330db46-52233816}\WINDOWS\SYSTEM32\SVCHOST.EXE
2024-03-26 20:42:51,\VOLUME{01d951602330db46-52233816}\WINDOWS\SYSTEM32\SVCHOST.EXE
2024-03-19 04:56:09,\VOLUME{01d951602330db46-52233816}\WINDOWS\SYSTEM32\SVCHOST.EXE
2024-03-19 04:28:02,\VOLUME{01d951602330db46-52233816}\WINDOWS\SYSTEM32\SVCHOST.EXE
2024-03-14 09:04:41,\VOLUME{01d951602330db46-52233816}\WINDOWS\SYSTEM32\SVCHOST.EXE
2024-03-14 08:34:17,\VOLUME{01d951602330db46-52233816}\WINDOWS\SYSTEM32\SVCHOST.EXE
2023-09-07 12:14:05,\VOLUME{01d951602330db46-52233816}\WINDOWS\SYSTEM32\SVCHOST.EXE
2024-05-21 03:10:58,\VOLUME{01d951602330db46-52233816}\WINDOWS\SYSTEM32\SVCHOST.EXE
2024-05-14 03:25:44,\VOLUME{01d951602330db46-52233816}\WINDOWS\SYSTEM32\SVCHOST.EXE
2024-04-26 10:17:27,\VOLUME{01d951602330db46-52233816}\WINDOWS\SYSTEM32\SVCHOST.EXE
2024-03-26 23:02:34,\VOLUME{01d951602330db46-52233816}\WINDOWS\SYSTEM32\SVCHOST.EXE
2024-04-26 10:09:05,\VOLUME{01d951602330db46-52233816}\WINDOWS\SYSTEM32\SVCHOST.EXE
2024-04-26 10:11:11,\VOLUME{01d951602330db46-52233816}\WINDOWS\SYSTEM32\SVCHOST.EXE
2024-05-21 03:28:19,\VOLUME{01d951602330db46-52233816}\WINDOWS\SYSTEM32\SVCHOST.EXE
2024-05-14 03:25:44,\VOLUME{01d951602330db46-52233816}\WINDOWS\SYSTEM32\SVCHOST.EXE
2024-04-26 10:17:55,\VOLUME{01d951602330db46-52233816}\WINDOWS\SYSTEM32\SVCHOST.EXE
2024-03-26 23:34:56,\VOLUME{01d951602330db46-52233816}\WINDOWS\SYSTEM32\SVCHOST.EXE
2024-03-26 23:17:40,\VOLUME{01d951602330db46-52233816}\WINDOWS\SYSTEM32\SVCHOST.EXE
2024-03-26 21:34:56,\VOLUME{01d951602330db46-52233816}\WINDOWS\SYSTEM32\SVCHOST.EXE
2024-03-26 21:12:53,\VOLUME{01d951602330db46-52233816}\WINDOWS\SYSTEM32\SVCHOST.EXE
2024-03-26 21:04:39,\VOLUME{01d951602330db46-52233816}\WINDOWS\SYSTEM32\SVCHOST.EXE
2024-04-26 10:17:30,\VOLUME{01d951602330db46-52233816}\WINDOWS\SYSTEM32\SVCHOST.EXE
2024-05-21 03:22:18,\VOLUME{01d951602330db46-52233816}\WINDOWS\SYSTEM32\SVCHOST.EXE
2024-05-21 03:12:18,\VOLUME{01d951602330db46-52233816}\WINDOWS\SYSTEM32\SVCHOST.EXE
2024-04-26 10:09:04,\VOLUME{01d951602330db46-52233816}\WINDOWS\SYSTEM32\SVCHOST.EXE
2024-03-26 21:16:49,\VOLUME{01d951602330db46-52233816}\WINDOWS\SYSTEM32\SVCHOST.EXE
2024-03-26 20:44:50,\VOLUME{01d951602330db46-52233816}\WINDOWS\SYSTEM32\SVCHOST.EXE
2024-03-19 05:24:05,\VOLUME{01d951602330db46-52233816}\WINDOWS\SYSTEM32\SVCHOST.EXE
2024-03-19 04:30:36,\VOLUME{01d951602330db46-52233816}\WINDOWS\SYSTEM32\SVCHOST.EXE
2024-03-19 04:20:36,\VOLUME{01d951602330db46-52233816}\WINDOWS\SYSTEM32\SVCHOST.EXE
2024-05-21 03:15:07,\VOLUME{01d951602330db46-52233816}\WINDOWS\SYSTEM32\SVCHOST.EXE
2024-05-21 03:11:54,\VOLUME{01d951602330db46-52233816}\WINDOWS\SYSTEM32\SVCHOST.EXE
2024-05-14 03:23:26,\VOLUME{01d951602330db46-52233816}\WINDOWS\SYSTEM32\SVCHOST.EXE
2024-05-14 03:12:02,\VOLUME{01d951602330db46-52233816}\WINDOWS\SYSTEM32\SVCHOST.EXE
2024-04-26 10:16:48,\VOLUME{01d951602330db46-52233816}\WINDOWS\SYSTEM32\SVCHOST.EXE
2024-04-26 10:11:11,\VOLUME{01d951602330db46-52233816}\WINDOWS\SYSTEM32\SVCHOST.EXE
2024-03-26 23:42:55,\VOLUME{01d951602330db46-52233816}\WINDOWS\SYSTEM32\SVCHOST.EXE
2024-03-26 23:27:42,\VOLUME{01d951602330db46-52233816}\WINDOWS\SYSTEM32\SVCHOST.EXE
2024-05-21 03:28:21,\VOLUME{01d951602330db46-52233816}\WINDOWS\SYSTEM32\SVCHOST.EXE
2024-05-21 03:15:43,\VOLUME{01d951602330db46-52233816}\WINDOWS\SYSTEM32\SVCHOST.EXE
2024-05-14 03:40:17,\VOLUME{01d951602330db46-52233816}\WINDOWS\SYSTEM32\SVCHOST.EXE
2024-03-26 23:49:57,\VOLUME{01d951602330db46-52233816}\WINDOWS\SYSTEM32\SVCHOST.EXE
2024-03-26 23:34:57,\VOLUME{01d951602330db46-52233816}\WINDOWS\SYSTEM32\SVCHOST.EXE
2024-03-26 23:19:57,\VOLUME{01d951602330db46-52233816}\WINDOWS\SYSTEM32\SVCHOST.EXE
2024-03-26 23:04:57,\VOLUME{01d951602330db46-52233816}\WINDOWS\SYSTEM32\SVCHOST.EXE
2024-03-26 22:49:57,\VOLUME{01d951602330db46-52233816}\WINDOWS\SYSTEM32\SVCHOST.EXE
2024-04-26 10:08:53,\VOLUME{01d951602330db46-52233816}\WINDOWS\SYSTEM32\SVCHOST.EXE
2024-03-26 23:47:50,\VOLUME{01d951602330db46-52233816}\WINDOWS\SYSTEM32\SVCHOST.EXE
2024-03-26 23:38:32,\VOLUME{01d951602330db46-52233816}\WINDOWS\SYSTEM32\SVCHOST.EXE
2024-03-26 23:32:50,\VOLUME{01d951602330db46-52233816}\WINDOWS\SYSTEM32\SVCHOST.EXE
2024-03-26 23:23:32,\VOLUME{01d951602330db46-52233816}\WINDOWS\SYSTEM32\SVCHOST.EXE
2024-03-26 23:17:50,\VOLUME{01d951602330db46-52233816}\WINDOWS\SYSTEM32\SVCHOST.EXE
2024-03-26 23:08:32,\VOLUME{01d951602330db46-52233816}\WINDOWS\SYSTEM32\SVCHOST.EXE
2024-03-26 23:02:50,\VOLUME{01d951602330db46-52233816}\WINDOWS\SYSTEM32\SVCHOST.EXE
2024-05-21 03:12:24,\VOLUME{01d951602330db46-52233816}\WINDOWS\SYSTEM32\SVCHOST.EXE
2024-05-21 03:30:06,\VOLUME{01d951602330db46-52233816}\WINDOWS\SYSTEM32\SVCHOST.EXE
2024-05-21 03:28:06,\VOLUME{01d951602330db46-52233816}\WINDOWS\SYSTEM32\SVCHOST.EXE
2024-05-21 03:26:06,\VOLUME{01d951602330db46-52233816}\WINDOWS\SYSTEM32\SVCHOST.EXE
2024-05-21 03:24:06,\VOLUME{01d951602330db46-52233816}\WINDOWS\SYSTEM32\SVCHOST.EXE
2024-05-21 03:22:06,\VOLUME{01d951602330db46-52233816}\WINDOWS\SYSTEM32\SVCHOST.EXE
2024-05-21 03:20:06,\VOLUME{01d951602330db46-52233816}\WINDOWS\SYSTEM32\SVCHOST.EXE
2024-05-21 03:18:06,\VOLUME{01d951602330db46-52233816}\WINDOWS\SYSTEM32\SVCHOST.EXE
2024-05-21 03:16:06,\VOLUME{01d951602330db46-52233816}\WINDOWS\SYSTEM32\SVCHOST.EXE
2024-05-14 03:38:41,\VOLUME{01d951602330db46-52233816}\WINDOWS\SYSTEM32\SVCHOST.EXE
2024-04-26 10:11:11,\VOLUME{01d951602330db46-52233816}\WINDOWS\SYSTEM32\SVCHOST.EXE
2024-03-26 20:35:29,\VOLUME{01d951602330db46-52233816}\WINDOWS\SYSTEM32\SVCHOST.EXE
2024-03-19 05:24:51,\VOLUME{01d951602330db46-52233816}\WINDOWS\SYSTEM32\SVCHOST.EXE
2024-03-19 04:39:31,\VOLUME{01d951602330db46-52233816}\WINDOWS\SYSTEM32\SVCHOST.EXE
2024-03-19 04:08:03,\VOLUME{01d951602330db46-52233816}\WINDOWS\SYSTEM32\SVCHOST.EXE
2024-03-14 13:03:29,\VOLUME{01d951602330db46-52233816}\WINDOWS\SYSTEM32\SVCHOST.EXE
2024-03-14 09:14:48,\VOLUME{01d951602330db46-52233816}\WINDOWS\SYSTEM32\SVCHOST.EXE
2024-05-21 03:12:05,\VOLUME{01d951602330db46-52233816}\WINDOWS\SYSTEM32\SVCHOST.EXE
2024-05-21 03:14:05,\VOLUME{01d951602330db46-52233816}\WINDOWS\SYSTEM32\SVCHOST.EXE
2024-03-26 20:36:37,\VOLUME{01d951602330db46-52233816}\WINDOWS\SYSTEM32\SVCHOST.EXE
2024-03-19 04:22:23,\VOLUME{01d951602330db46-52233816}\WINDOWS\SYSTEM32\SVCHOST.EXE
2024-03-19 04:05:29,\VOLUME{01d951602330db46-52233816}\WINDOWS\SYSTEM32\SVCHOST.EXE
2024-03-14 08:56:12,\VOLUME{01d951602330db46-52233816}\WINDOWS\SYSTEM32\SVCHOST.EXE
2024-03-14 08:36:16,\VOLUME{01d951602330db46-52233816}\WINDOWS\SYSTEM32\SVCHOST.EXE
2024-03-14 08:32:05,\VOLUME{01d951602330db46-52233816}\WINDOWS\SYSTEM32\SVCHOST.EXE
2023-09-07 08:29:55,\VOLUME{01d951602330db46-52233816}\WINDOWS\SYSTEM32\SVCHOST.EXE
2024-05-21 03:12:05,\VOLUME{01d951602330db46-52233816}\WINDOWS\SYSTEM32\SVCHOST.EXE
2024-04-26 10:18:23,\VOLUME{01d951602330db46-52233816}\WINDOWS\SYSTEM32\SVCHOST.EXE
2024-03-26 21:35:21,\VOLUME{01d951602330db46-52233816}\WINDOWS\SYSTEM32\SVCHOST.EXE
2024-03-26 21:07:20,\VOLUME{01d951602330db46-52233816}\WINDOWS\SYSTEM32\SVCHOST.EXE
2024-03-26 20:43:35,\VOLUME{01d951602330db46-52233816}\WINDOWS\SYSTEM32\SVCHOST.EXE
2024-03-19 04:32:33,\VOLUME{01d951602330db46-52233816}\WINDOWS\SYSTEM32\SVCHOST.EXE
2024-03-14 09:32:09,\VOLUME{01d951602330db46-52233816}\WINDOWS\SYSTEM32\SVCHOST.EXE
2024-03-14 09:00:02,\VOLUME{01d951602330db46-52233816}\WINDOWS\SYSTEM32\SVCHOST.EXE
2024-05-21 03:28:32,\VOLUME{01d951602330db46-52233816}\WINDOWS\SYSTEM32\SVCHOST.EXE
2024-05-21 03:22:23,\VOLUME{01d951602330db46-52233816}\WINDOWS\SYSTEM32\SVCHOST.EXE
2024-05-21 03:11:57,\VOLUME{01d951602330db46-52233816}\WINDOWS\SYSTEM32\SVCHOST.EXE
2024-05-14 03:36:00,\VOLUME{01d951602330db46-52233816}\WINDOWS\SYSTEM32\SVCHOST.EXE
2024-05-14 03:23:23,\VOLUME{01d951602330db46-52233816}\WINDOWS\SYSTEM32\SVCHOST.EXE
2024-05-14 03:12:02,\VOLUME{01d951602330db46-52233816}\WINDOWS\SYSTEM32\SVCHOST.EXE
2024-04-26 10:08:52,\VOLUME{01d951602330db46-52233816}\WINDOWS\SYSTEM32\SVCHOST.EXE
2024-03-26 23:57:52,\VOLUME{01d951602330db46-52233816}\WINDOWS\SYSTEM32\SVCHOST.EXE
2024-05-21 03:10:43,\VOLUME{01d951602330db46-52233816}\WINDOWS\SYSTEM32\SVCHOST.EXE
2024-05-14 03:25:45,\VOLUME{01d951602330db46-52233816}\WINDOWS\SYSTEM32\SVCHOST.EXE
2024-04-26 10:17:30,\VOLUME{01d951602330db46-52233816}\WINDOWS\SYSTEM32\SVCHOST.EXE
2024-05-14 03:25:45,\VOLUME{01d951602330db46-52233816}\WINDOWS\SYSTEM32\SVCHOST.EXE
2024-04-26 10:09:07,\VOLUME{01d951602330db46-52233816}\WINDOWS\SYSTEM32\SVCHOST.EXE
2024-04-26 10:09:35,\VOLUME{01d951602330db46-52233816}\WINDOWS\SYSTEM32\SVCHOST.EXE
2024-05-21 03:12:54,\VOLUME{01d951602330db46-52233816}\WINDOWS\SYSTEM32\SVCHOST.EXE
2024-04-26 10:09:45,\VOLUME{01d951602330db46-52233816}\WINDOWS\SYSTEM32\SVCHOST.EXE
2024-05-21 03:27:07,\VOLUME{01d951602330db46-52233816}\WINDOWS\SYSTEM32\SVCHOST.EXE
2023-05-02 14:22:51,\VOLUME{01d951602330db46-52233816}\WINDOWS\SYSTEM32\SYSTEMPROPERTIESADVANCED.EXE
2023-05-02 14:22:51,\VOLUME{01d951602330db46-52233816}\WINDOWS\SYSTEM32\SYSTEMPROPERTIESADVANCED.EXE
2023-03-08 08:17:01,\VOLUME{01d951602330db46-52233816}\WINDOWS\SYSTEM32\SYSTEMPROPERTIESADVANCED.EXE
2023-06-12 06:52:19,SYSTEMPROPERTIESCOMPUTERNAME.
2023-06-12 06:52:19,SYSTEMPROPERTIESCOMPUTERNAME.
2023-03-08 08:24:53,SYSTEMPROPERTIESCOMPUTERNAME.
2023-03-08 08:17:07,SYSTEMPROPERTIESCOMPUTERNAME.
2024-03-14 09:21:43,\VOLUME{01d951602330db46-52233816}\WINDOWS\IMMERSIVECONTROLPANEL\SYSTEMSETTINGS.EXE
2024-03-14 08:35:13,\VOLUME{01d951602330db46-52233816}\WINDOWS\IMMERSIVECONTROLPANEL\SYSTEMSETTINGS.EXE
2024-03-14 08:33:04,\VOLUME{01d951602330db46-52233816}\WINDOWS\IMMERSIVECONTROLPANEL\SYSTEMSETTINGS.EXE
2023-05-05 10:11:42,\VOLUME{01d951602330db46-52233816}\WINDOWS\IMMERSIVECONTROLPANEL\SYSTEMSETTINGS.EXE
2023-05-02 14:55:12,\VOLUME{01d951602330db46-52233816}\WINDOWS\IMMERSIVECONTROLPANEL\SYSTEMSETTINGS.EXE
2023-03-08 11:04:28,\VOLUME{01d951602330db46-52233816}\WINDOWS\IMMERSIVECONTROLPANEL\SYSTEMSETTINGS.EXE
2023-03-08 10:48:01,\VOLUME{01d951602330db46-52233816}\WINDOWS\IMMERSIVECONTROLPANEL\SYSTEMSETTINGS.EXE
2023-03-08 10:05:04,\VOLUME{01d951602330db46-52233816}\WINDOWS\IMMERSIVECONTROLPANEL\SYSTEMSETTINGS.EXE
2024-03-14 08:35:19,\VOLUME{01d951602330db46-52233816}\WINDOWS\SYSTEM32\SYSTEMSETTINGSADMINFLOWS.EXE
2023-05-02 14:28:12,\VOLUME{01d951602330db46-52233816}\WINDOWS\SYSTEM32\SYSTEMSETTINGSADMINFLOWS.EXE
2023-05-02 14:26:37,\VOLUME{01d951602330db46-52233816}\WINDOWS\SYSTEM32\SYSTEMSETTINGSADMINFLOWS.EXE
2023-05-02 14:24:47,\VOLUME{01d951602330db46-52233816}\WINDOWS\SYSTEM32\SYSTEMSETTINGSADMINFLOWS.EXE
2023-05-02 14:23:18,\VOLUME{01d951602330db46-52233816}\WINDOWS\SYSTEM32\SYSTEMSETTINGSADMINFLOWS.EXE
2023-05-02 14:18:41,\VOLUME{01d951602330db46-52233816}\WINDOWS\SYSTEM32\SYSTEMSETTINGSADMINFLOWS.EXE
2023-03-08 11:17:32,\VOLUME{01d951602330db46-52233816}\WINDOWS\SYSTEM32\SYSTEMSETTINGSADMINFLOWS.EXE
2024-05-21 03:27:06,\VOLUME{01d951602330db46-52233816}\WINDOWS\SYSTEM32\TASKHOSTW.EXE
2024-05-21 03:20:35,\VOLUME{01d951602330db46-52233816}\WINDOWS\SYSTEM32\TASKHOSTW.EXE
2024-05-21 03:17:10,\VOLUME{01d951602330db46-52233816}\WINDOWS\SYSTEM32\TASKHOSTW.EXE
2024-05-21 03:13:38,\VOLUME{01d951602330db46-52233816}\WINDOWS\SYSTEM32\TASKHOSTW.EXE
2024-05-21 03:10:55,\VOLUME{01d951602330db46-52233816}\WINDOWS\SYSTEM32\TASKHOSTW.EXE
2024-05-14 03:39:43,\VOLUME{01d951602330db46-52233816}\WINDOWS\SYSTEM32\TASKHOSTW.EXE
2024-05-14 03:27:47,\VOLUME{01d951602330db46-52233816}\WINDOWS\SYSTEM32\TASKHOSTW.EXE
2024-05-14 03:23:26,\VOLUME{01d951602330db46-52233816}\WINDOWS\SYSTEM32\TASKHOSTW.EXE
2024-05-14 03:40:16,\VOLUME{01d951602330db46-52233816}\WINDOWS\SYSTEM32\TASKKILL.EXE
2023-03-08 11:28:12,\VOLUME{01d951602330db46-52233816}\WINDOWS\SYSTEM32\TASKMGR.EXE
2023-05-03 07:25:17,\VOLUME{01d951602330db46-52233816}\USERS\SIMON.STARK\APPDATA\LOCAL\MICROSOFT\TEAMS\CURRENT\TEAMS.EXE
2023-05-03 07:25:12,\VOLUME{01d951602330db46-52233816}\USERS\SIMON.STARK\APPDATA\LOCAL\MICROSOFT\TEAMS\CURRENT\TEAMS.EXE
2023-05-02 14:41:26,\VOLUME{01d951602330db46-52233816}\USERS\SIMON.STARK\APPDATA\LOCAL\MICROSOFT\TEAMS\CURRENT\TEAMS.EXE
2023-05-02 14:31:52,\VOLUME{01d951602330db46-52233816}\USERS\SIMON.STARK\APPDATA\LOCAL\MICROSOFT\TEAMS\CURRENT\TEAMS.EXE
2024-03-19 04:40:55,\VOLUME{01d951602330db46-52233816}\WINDOWS\SYSTEMAPPS\MICROSOFTWINDOWS.CLIENT.CBS_CW5N1H2TXYEWY\TEXTINPUTHOST.EXE
2024-03-14 13:03:35,\VOLUME{01d951602330db46-52233816}\WINDOWS\SYSTEMAPPS\MICROSOFTWINDOWS.CLIENT.CBS_CW5N1H2TXYEWY\TEXTINPUTHOST.EXE
2024-03-14 09:12:52,\VOLUME{01d951602330db46-52233816}\WINDOWS\SYSTEMAPPS\MICROSOFTWINDOWS.CLIENT.CBS_CW5N1H2TXYEWY\TEXTINPUTHOST.EXE
2024-03-14 08:30:48,\VOLUME{01d951602330db46-52233816}\WINDOWS\SYSTEMAPPS\MICROSOFTWINDOWS.CLIENT.CBS_CW5N1H2TXYEWY\TEXTINPUTHOST.EXE
2023-09-07 11:50:36,\VOLUME{01d951602330db46-52233816}\WINDOWS\SYSTEMAPPS\MICROSOFTWINDOWS.CLIENT.CBS_CW5N1H2TXYEWY\TEXTINPUTHOST.EXE
2023-09-07 08:29:45,\VOLUME{01d951602330db46-52233816}\WINDOWS\SYSTEMAPPS\MICROSOFTWINDOWS.CLIENT.CBS_CW5N1H2TXYEWY\TEXTINPUTHOST.EXE
2023-09-07 08:29:00,\VOLUME{01d951602330db46-52233816}\WINDOWS\SYSTEMAPPS\MICROSOFTWINDOWS.CLIENT.CBS_CW5N1H2TXYEWY\TEXTINPUTHOST.EXE
2023-03-07 13:14:34,\VOLUME{01d951602330db46-52233816}\WINDOWS\SYSTEMAPPS\MICROSOFTWINDOWS.CLIENT.CBS_CW5N1H2TXYEWY\INPUTAPP\TEXTINPUTHOST.EXE
2023-07-24 06:00:57,\VOLUME{01d951602330db46-52233816}\WINDOWS\SYSTEMAPPS\MICROSOFTWINDOWS.CLIENT.CBS_CW5N1H2TXYEWY\TEXTINPUTHOST.EXE
2023-05-05 09:42:54,\VOLUME{01d951602330db46-52233816}\WINDOWS\SYSTEMAPPS\MICROSOFTWINDOWS.CLIENT.CBS_CW5N1H2TXYEWY\TEXTINPUTHOST.EXE
2023-05-04 08:34:19,\VOLUME{01d951602330db46-52233816}\WINDOWS\SYSTEMAPPS\MICROSOFTWINDOWS.CLIENT.CBS_CW5N1H2TXYEWY\TEXTINPUTHOST.EXE
2023-05-03 09:05:22,\VOLUME{01d951602330db46-52233816}\WINDOWS\SYSTEMAPPS\MICROSOFTWINDOWS.CLIENT.CBS_CW5N1H2TXYEWY\TEXTINPUTHOST.EXE
2023-05-02 14:41:38,\VOLUME{01d951602330db46-52233816}\WINDOWS\SYSTEMAPPS\MICROSOFTWINDOWS.CLIENT.CBS_CW5N1H2TXYEWY\TEXTINPUTHOST.EXE
2023-05-02 14:17:51,\VOLUME{01d951602330db46-52233816}\WINDOWS\SYSTEMAPPS\MICROSOFTWINDOWS.CLIENT.CBS_CW5N1H2TXYEWY\TEXTINPUTHOST.EXE
2023-03-10 03:14:13,\VOLUME{01d951602330db46-52233816}\WINDOWS\SYSTEMAPPS\MICROSOFTWINDOWS.CLIENT.CBS_CW5N1H2TXYEWY\TEXTINPUTHOST.EXE
2023-03-09 09:19:41,\VOLUME{01d951602330db46-52233816}\WINDOWS\SYSTEMAPPS\MICROSOFTWINDOWS.CLIENT.CBS_CW5N1H2TXYEWY\TEXTINPUTHOST.EXE
2024-03-26 20:34:50,\VOLUME{01d951602330db46-52233816}\WINDOWS\SYSTEMAPPS\MICROSOFTWINDOWS.CLIENT.CBS_CW5N1H2TXYEWY\TEXTINPUTHOST.EXE
2024-03-19 05:24:51,\VOLUME{01d951602330db46-52233816}\WINDOWS\SYSTEMAPPS\MICROSOFTWINDOWS.CLIENT.CBS_CW5N1H2TXYEWY\TEXTINPUTHOST.EXE
2024-05-21 03:27:06,\VOLUME{01d951602330db46-52233816}\WINDOWS\WINSXS\AMD64_MICROSOFT-WINDOWS-SERVICINGSTACK_31BF3856AD364E35_10.0.19041.4163_NONE_7E304EC47C735F2E\TIWORKER.EXE
2024-05-21 03:15:02,\VOLUME{01d951602330db46-52233816}\WINDOWS\WINSXS\AMD64_MICROSOFT-WINDOWS-SERVICINGSTACK_31BF3856AD364E35_10.0.19041.4163_NONE_7E304EC47C735F2E\TIWORKER.EXE
2024-05-21 03:27:06,\VOLUME{01d951602330db46-52233816}\WINDOWS\SERVICING\TRUSTEDINSTALLER.EXE
2024-05-21 03:15:02,\VOLUME{01d951602330db46-52233816}\WINDOWS\SERVICING\TRUSTEDINSTALLER.EXE
2023-03-09 09:29:10,\VOLUME{01d951602330db46-52233816}\PROGRAM FILES\WINRAR\UNINSTALL.EXE
2024-05-21 03:13:01,\VOLUME{01d951602330db46-52233816}\WINDOWS\SYSTEM32\OOBE\USEROOBEBROKER.EXE
2024-03-26 20:35:08,\VOLUME{01d951602330db46-52233816}\WINDOWS\SYSTEM32\OOBE\USEROOBEBROKER.EXE
2024-03-19 05:24:21,\VOLUME{01d951602330db46-52233816}\WINDOWS\SYSTEM32\OOBE\USEROOBEBROKER.EXE
2024-03-19 04:38:31,\VOLUME{01d951602330db46-52233816}\WINDOWS\SYSTEM32\OOBE\USEROOBEBROKER.EXE
2024-03-19 04:21:35,\VOLUME{01d951602330db46-52233816}\WINDOWS\SYSTEM32\OOBE\USEROOBEBROKER.EXE
2024-03-19 04:06:43,\VOLUME{01d951602330db46-52233816}\WINDOWS\SYSTEM32\OOBE\USEROOBEBROKER.EXE
2024-03-14 13:02:27,\VOLUME{01d951602330db46-52233816}\WINDOWS\SYSTEM32\OOBE\USEROOBEBROKER.EXE
2024-03-14 09:22:36,\VOLUME{01d951602330db46-52233816}\WINDOWS\SYSTEM32\OOBE\USEROOBEBROKER.EXE
2023-03-07 18:42:02,\VOLUME{01d951602330db46-52233816}\WINDOWS\TEMP\{335730CE-4EFE-408A-B023-8333CCA87AE3}\.CR\VCREDIST_X64.EXE
2023-03-07 18:42:00,\VOLUME{01d951602330db46-52233816}\WINDOWS\TEMP\{F4E85354-DA4C-4C63-99D8-E03AF12B9048}\.CR\VCREDIST_X86.EXE
2023-03-07 18:42:02,\VOLUME{01d951602330db46-52233816}\WINDOWS\TEMP\{AA407370-B6DD-4413-AA84-D8199061B138}\.BE\VC_REDIST.X64.EXE
2023-03-07 18:42:00,\VOLUME{01d951602330db46-52233816}\WINDOWS\TEMP\{62779840-E306-4400-941C-52047F8E71B6}\.BE\VC_REDIST.X86.EXE
2024-04-26 10:09:04,\VOLUME{01d951602330db46-52233816}\PROGRAM FILES\VMWARE\VMWARE TOOLS\VMTOOLSD.EXE
2024-03-19 05:24:05,\VOLUME{01d951602330db46-52233816}\PROGRAM FILES\VMWARE\VMWARE TOOLS\VMTOOLSD.EXE
2024-03-19 04:20:37,\VOLUME{01d951602330db46-52233816}\PROGRAM FILES\VMWARE\VMWARE TOOLS\VMTOOLSD.EXE
2024-03-19 04:04:41,\VOLUME{01d951602330db46-52233816}\PROGRAM FILES\VMWARE\VMWARE TOOLS\VMTOOLSD.EXE
2024-03-14 13:01:45,\VOLUME{01d951602330db46-52233816}\PROGRAM FILES\VMWARE\VMWARE TOOLS\VMTOOLSD.EXE
2024-03-14 09:12:48,\VOLUME{01d951602330db46-52233816}\PROGRAM FILES\VMWARE\VMWARE TOOLS\VMTOOLSD.EXE
2024-03-14 08:54:46,\VOLUME{01d951602330db46-52233816}\PROGRAM FILES\VMWARE\VMWARE TOOLS\VMTOOLSD.EXE
2024-03-14 08:31:08,\VOLUME{01d951602330db46-52233816}\PROGRAM FILES\VMWARE\VMWARE TOOLS\VMTOOLSD.EXE
2024-05-21 03:10:41,\VOLUME{01d951602330db46-52233816}\WINDOWS\SYSTEM32\VSSVC.EXE
2024-05-14 03:23:25,\VOLUME{01d951602330db46-52233816}\WINDOWS\SYSTEM32\VSSVC.EXE
2024-05-14 03:12:45,\VOLUME{01d951602330db46-52233816}\WINDOWS\SYSTEM32\VSSVC.EXE
2024-03-26 21:06:51,\VOLUME{01d951602330db46-52233816}\WINDOWS\SYSTEM32\VSSVC.EXE
2024-03-26 20:42:55,\VOLUME{01d951602330db46-52233816}\WINDOWS\SYSTEM32\VSSVC.EXE
2024-03-19 04:56:12,\VOLUME{01d951602330db46-52233816}\WINDOWS\SYSTEM32\VSSVC.EXE
2024-03-19 04:34:30,\VOLUME{01d951602330db46-52233816}\WINDOWS\SYSTEM32\VSSVC.EXE
2024-03-19 04:17:27,\VOLUME{01d951602330db46-52233816}\WINDOWS\SYSTEM32\VSSVC.EXE
2024-05-21 03:12:53,\VOLUME{01d951602330db46-52233816}\WINDOWS\SYSTEM32\WERFAULT.EXE
2024-05-14 03:13:04,\VOLUME{01d951602330db46-52233816}\WINDOWS\SYSTEM32\WERMGR.EXE
2024-05-14 03:40:16,\VOLUME{01d951602330db46-52233816}\WINDOWS\SYSTEM32\WEVTUTIL.EXE
2024-03-26 20:43:02,\VOLUME{01d951602330db46-52233816}\WINDOWS\SYSTEM32\WEVTUTIL.EXE
2024-03-19 05:24:54,\VOLUME{01d951602330db46-52233816}\WINDOWS\SYSTEM32\WEVTUTIL.EXE
2024-03-19 05:24:54,\VOLUME{01d951602330db46-52233816}\WINDOWS\SYSTEM32\WEVTUTIL.EXE
2024-03-19 05:24:53,\VOLUME{01d951602330db46-52233816}\WINDOWS\SYSTEM32\WEVTUTIL.EXE
2024-03-19 05:24:53,\VOLUME{01d951602330db46-52233816}\WINDOWS\SYSTEM32\WEVTUTIL.EXE
2024-03-19 05:24:53,\VOLUME{01d951602330db46-52233816}\WINDOWS\SYSTEM32\WEVTUTIL.EXE
2024-03-19 05:24:53,\VOLUME{01d951602330db46-52233816}\WINDOWS\SYSTEM32\WEVTUTIL.EXE
2023-03-09 09:29:08,\VOLUME{01d951602330db46-52233816}\USERS\HAPPY.GRUNWALD\DOWNLOADS\WINRAR-X64-621.EXE
2024-05-21 03:28:14,\VOLUME{01d951602330db46-52233816}\PROGRAM FILES\WINRAR\WINRAR.EXE
2024-03-19 05:28:08,\VOLUME{01d951602330db46-52233816}\PROGRAM FILES\WINRAR\WINRAR.EXE
2024-03-19 04:50:50,\VOLUME{01d951602330db46-52233816}\PROGRAM FILES\WINRAR\WINRAR.EXE
2024-03-19 04:46:43,\VOLUME{01d951602330db46-52233816}\PROGRAM FILES\WINRAR\WINRAR.EXE
2024-03-19 04:40:14,\VOLUME{01d951602330db46-52233816}\PROGRAM FILES\WINRAR\WINRAR.EXE
2024-03-19 04:30:34,\VOLUME{01d951602330db46-52233816}\PROGRAM FILES\WINRAR\WINRAR.EXE
2024-03-14 09:49:00,\VOLUME{01d951602330db46-52233816}\PROGRAM FILES\WINRAR\WINRAR.EXE
2024-03-14 09:28:51,\VOLUME{01d951602330db46-52233816}\PROGRAM FILES\WINRAR\WINRAR.EXE
2024-04-26 10:17:19,\VOLUME{01d951602330db46-52233816}\WINDOWS\SYSTEM32\WINSAT.EXE
2023-05-02 15:01:32,\VOLUME{01d951602330db46-52233816}\PROGRAM FILES\MICROSOFT OFFICE\ROOT\OFFICE16\WINWORD.EXE
2023-05-02 15:01:41,\VOLUME{01d951602330db46-52233816}\PROGRAM FILES\MICROSOFT OFFICE\ROOT\OFFICE16\WINWORD.EXE
2023-05-02 15:01:23,\VOLUME{01d951602330db46-52233816}\PROGRAM FILES\MICROSOFT OFFICE\ROOT\OFFICE16\WINWORD.EXE
2023-05-02 15:01:15,\VOLUME{01d951602330db46-52233816}\PROGRAM FILES\MICROSOFT OFFICE\ROOT\OFFICE16\WINWORD.EXE
2023-05-02 15:01:06,\VOLUME{01d951602330db46-52233816}\PROGRAM FILES\MICROSOFT OFFICE\ROOT\OFFICE16\WINWORD.EXE
2023-05-02 15:00:57,\VOLUME{01d951602330db46-52233816}\PROGRAM FILES\MICROSOFT OFFICE\ROOT\OFFICE16\WINWORD.EXE
2023-05-02 15:00:47,\VOLUME{01d951602330db46-52233816}\PROGRAM FILES\MICROSOFT OFFICE\ROOT\OFFICE16\WINWORD.EXE
2023-05-02 15:00:36,\VOLUME{01d951602330db46-52233816}\PROGRAM FILES\MICROSOFT OFFICE\ROOT\OFFICE16\WINWORD.EXE
2024-05-21 03:12:35,\VOLUME{01d951602330db46-52233816}\WINDOWS\SYSTEM32\WLRMDR.EXE
2024-04-26 10:09:19,\VOLUME{01d951602330db46-52233816}\WINDOWS\SYSTEM32\WLRMDR.EXE
2024-03-26 20:35:07,\VOLUME{01d951602330db46-52233816}\WINDOWS\SYSTEM32\WLRMDR.EXE
2024-03-19 05:24:19,\VOLUME{01d951602330db46-52233816}\WINDOWS\SYSTEM32\WLRMDR.EXE
2024-03-19 04:38:10,\VOLUME{01d951602330db46-52233816}\WINDOWS\SYSTEM32\WLRMDR.EXE
2024-03-19 04:20:53,\VOLUME{01d951602330db46-52233816}\WINDOWS\SYSTEM32\WLRMDR.EXE
2024-03-14 09:13:03,\VOLUME{01d951602330db46-52233816}\WINDOWS\SYSTEM32\WLRMDR.EXE
2024-03-14 08:55:02,\VOLUME{01d951602330db46-52233816}\WINDOWS\SYSTEM32\WLRMDR.EXE
2024-04-26 10:11:10,\VOLUME{01d951602330db46-52233816}\WINDOWS\SYSTEM32\WBEM\WMIADAP.EXE
2024-05-21 03:12:18,\VOLUME{01d951602330db46-52233816}\WINDOWS\SYSTEM32\WBEM\WMIPRVSE.EXE
2024-05-14 03:12:44,\VOLUME{01d951602330db46-52233816}\WINDOWS\SYSTEM32\WBEM\WMIPRVSE.EXE
2024-03-26 23:25:28,\VOLUME{01d951602330db46-52233816}\WINDOWS\SYSTEM32\WBEM\WMIPRVSE.EXE
2024-03-26 21:07:52,\VOLUME{01d951602330db46-52233816}\WINDOWS\SYSTEM32\WBEM\WMIPRVSE.EXE
2024-03-19 04:57:13,\VOLUME{01d951602330db46-52233816}\WINDOWS\SYSTEM32\WBEM\WMIPRVSE.EXE
2024-03-14 09:00:11,\VOLUME{01d951602330db46-52233816}\WINDOWS\SYSTEM32\WBEM\WMIPRVSE.EXE
2024-03-14 08:35:32,\VOLUME{01d951602330db46-52233816}\WINDOWS\SYSTEM32\WBEM\WMIPRVSE.EXE
2023-09-07 11:48:56,\VOLUME{01d951602330db46-52233816}\WINDOWS\SYSTEM32\WBEM\WMIPRVSE.EXE
2024-05-21 03:10:42,\VOLUME{01d951602330db46-52233816}\WINDOWS\SYSTEM32\WUAUCLT.EXE
2024-05-14 03:40:12,\VOLUME{01d951602330db46-52233816}\WINDOWS\SYSTEM32\WUAUCLT.EXE
2024-05-14 03:23:11,\VOLUME{01d951602330db46-52233816}\WINDOWS\SYSTEM32\WUAUCLT.EXE
2024-05-14 03:12:47,\VOLUME{01d951602330db46-52233816}\WINDOWS\SYSTEM32\WUAUCLT.EXE
2023-05-02 14:28:08,\VOLUME{01d951602330db46-52233816}\WINDOWS\SYSTEM32\WWAHOST.EXE
2023-03-08 11:17:24,\VOLUME{01d951602330db46-52233816}\WINDOWS\SYSTEM32\WWAHOST.EXE
2023-03-08 09:52:06,\VOLUME{01d951602330db46-52233816}\WINDOWS\SYSTEM32\WWAHOST.EXE
